Minutes,Torq (N-m),Km/h,Watts,Km,Cadence,Hrate,ID,Altitude (m)
0.0167,0,0,0,0,0,0,0,0,
0.0333333,0,0,0,0,0,0,0,0,
0.05005,0,0.28516,377,3.16844e-05,0,0,0,0,
0.06665,0,0.28516,377,0.000110895,0,80,0,0,
0.0833167,0,0,0,0.000158422,0,79,0,0,
0.0999667,0,0,0,0.000158422,0,78,0,0,
0.11665,0,0,0,0.000158422,0,78,0,0,
0.1333,0,0,0,0.000158422,0,76,0,0,
0.15,0,0,0,0.000158422,0,76,0,0,
0.166617,0,0,0,0.000158422,0,74,0,0,
0.183267,0,0,0,0.000158422,0,72,0,0,
0.199917,0,0,0,0.000158422,0,72,0,0,
0.216583,0,15.24,0,0.00107176,78,72,0,0,
0.2333,0,17.88,63,0.00501492,90,72,0,0,
0.2499,0,17.7018,153,0.00996845,93,78,0,0,
0.266583,0,18.6,153,0.0151252,98,81,0,0,
0.283267,0,18.36,149,0.0201951,92,86,0,0,
0.2999,0,18,149,0.0251351,90,90,0,0,
0.316517,0,17.52,152,0.0300396,89,93,0,0,
0.333267,0,17.52,150,0.0349215,91,96,0,0,
0.349833,0,18.72,154,0.0398147,98,98,0,0,
0.3665,0,16.44,154,0.0448881,91,100,0,0,
0.383233,0,15.96,160,0.0496106,86,101,0,0,
0.399817,0,16.0104,119,0.0541551,81,103,0,0,
0.416533,0,16.92,119,0.0588073,87,104,0,0,
0.433133,0,17.4,144,0.0634959,87,106,0,0,
0.449783,0,16.8,143,0.0683021,87,108,0,0,
0.46645,0,16.32,143,0.0728621,87,111,0,0,
0.483167,0,16.68,134,0.0773959,85,112,0,0,
0.499767,0,16.44,134,0.0819492,83,114,0,0,
0.516433,0,16.2,120,0.0865018,84,114,0,0,
0.533117,0,16.68,120,0.0910885,84,115,0,0,
0.54975,0,16.5402,135,0.0957063,85,115,0,0,
0.5664,0,16.68,134,0.100316,86,116,0,0,
0.583133,0,16.08,132,0.104928,83,116,0,0,
0.59975,0,16.4388,134,0.109481,85,117,0,0,
0.616383,0,16.68,128,0.114108,85,117,0,0,
0.633117,0,16.6429,126,0.118732,85,118,0,0,
0.6497,0,16.32,129,0.12327,83,118,0,0,
0.666383,0,14.52,117,0.127591,83,118,0,0,
0.683083,0,15.72,118,0.131804,88,119,0,0,
0.699667,0,15.737,124,0.136152,89,119,0,0,
0.716317,0,15.84,113,0.14047,86,119,0,0,
0.733067,0,15.3122,119,0.144803,86,119,0,0,
0.74965,0,15.5544,111,0.149115,85,119,0,0,
0.766317,0,15.2488,105,0.153368,83,119,0,0,
0.782983,0,14.88,106,0.157601,85,119,0,0,
0.799633,0,15.3281,111,0.161855,86,120,0,0,
0.816283,0,15.376,121,0.166092,86,119,0,0,
0.832933,0,15.48,121,0.170326,87,120,0,0,
0.8496,0,15.36,115,0.174577,86,120,0,0,
0.866267,0,15.12,115,0.178817,86,120,0,0,
0.882933,0,14.76,109,0.183039,85,121,0,0,
0.899567,0,15.24,104,0.187231,85,121,0,0,
0.916233,0,15.1237,102,0.191431,85,122,0,0,
0.932883,0,14.4,110,0.195598,83,122,0,0,
0.94955,0,15.12,110,0.199758,85,123,0,0,
0.966233,0,15.1392,111,0.203926,84,123,0,0,
0.98285,0,14.4,111,0.208107,81,124,0,0,
0.999517,0,14.52,97,0.212194,82,125,0,0,
1.01625,0,14.64,97,0.216227,83,125,0,0,
1.03283,0,14.04,97,0.220194,80,126,0,0,
1.04952,0,13.92,99,0.224156,79,126,0,0,
1.06623,0,14.1648,91,0.228082,81,127,0,0,
1.08282,0,14.6431,103,0.232123,83,127,0,0,
1.09953,0,15.12,103,0.236216,85,127,0,0,
1.11615,0,14.9398,107,0.240393,84,127,0,0,
1.13285,0,14.64,96,0.24451,82,128,0,0,
1.1495,0,14.6869,101,0.248579,83,128,0,0,
1.1661,0,14.9096,104,0.252706,84,129,0,0,
1.18277,0,14.9854,114,0.256881,84,129,0,0,
1.19943,0,14.28,96,0.261026,83,129,0,0,
1.21613,0,14.28,96,0.264992,80,129,0,0,
1.23283,0,14.4991,97,0.269051,83,129,0,0,
1.24942,0,14.52,97,0.273082,82,128,0,0,
1.26607,0,15.48,103,0.277149,83,128,0,0,
1.28272,0,14.64,98,0.281309,83,128,0,0,
1.29943,0,15,98,0.285462,84,127,0,0,
1.31612,0,15,113,0.289589,83,127,0,0,
1.33275,0,14.6141,103,0.293696,86,127,0,0,
1.34935,0,15.12,114,0.297933,87,127,0,0,
1.366,0,15.6369,112,0.302186,88,127,0,0,
1.38267,0,15.3122,103,0.30647,84,127,0,0,
1.39932,0,15.12,103,0.31068,85,126,0,0,
1.41598,0,15.6,106,0.314892,87,125,0,0,
1.43263,0,15.48,106,0.319205,87,125,0,0,
1.44935,0,15.6618,114,0.323575,90,125,0,0,
1.46595,0,15.84,117,0.327944,88,124,0,0,
1.4826,0,15.0927,105,0.33229,84,124,0,0,
1.49935,0,15.2963,117,0.336599,87,123,0,0,
1.51598,0,15,117,0.340798,84,123,0,0,
1.53262,0,14.9247,108,0.344971,84,122,0,0,
1.5493,0,14.52,108,0.349133,85,122,0,0,
1.5659,0,15.0927,103,0.353367,87,122,0,0,
1.58257,0,14.76,103,0.357522,84,122,0,0,
1.59923,0,14.9247,99,0.361522,81,122,0,0,
1.61587,0,14.4423,112,0.365674,84,122,0,0,
1.63255,0,15.36,112,0.369761,86,122,0,0,
1.6492,0,15.2488,109,0.374021,87,122,0,0,
1.66588,0,15.48,109,0.378362,89,122,0,0,
1.68252,0,15.36,109,0.382622,86,122,0,0,
1.69925,0,15.36,109,0.386888,86,123,0,0,
1.71583,0,15.24,109,0.391155,85,123,0,0,
1.73252,0,15.1392,111,0.395385,85,123,0,0,
1.74915,0,14.88,111,0.399633,86,124,0,0,
1.7658,0,15.2646,118,0.403891,87,125,0,0,
1.78252,0,16.08,118,0.408147,87,125,0,0,
1.79918,0,15.7538,113,0.4125,86,126,0,0,
1.81578,0,14.76,113,0.416811,86,126,0,0,
1.83247,0,15.2173,107,0.421091,86,126,0,0,
1.8492,0,15.1392,99,0.425229,83,126,0,0,
1.86575,0,15.344,111,0.429491,87,126,0,0,
1.88247,0,15.6369,118,0.433877,89,126,0,0,
1.89907,0,15.7538,109,0.438173,87,126,0,0,
1.91575,0,15.6,109,0.442528,87,126,0,0,
1.93238,0,15.5054,106,0.44685,86,126,0,0,
1.94912,0,15.376,119,0.451093,86,126,0,0,
1.96578,0,15.12,119,0.455375,87,126,0,0,
1.98237,0,15.12,114,0.459644,85,126,0,0,
1.99902,0,15,114,0.463838,85,127,0,0,
2.01568,0,15.2488,104,0.468044,85,127,0,0,
2.03242,0,14.64,101,0.472291,85,127,0,0,
2.049,0,15.72,101,0.476478,86,127,0,0,
2.06565,0,15,108,0.48079,85,126,0,0,
2.08232,0,14.76,112,0.485008,84,126,0,0,
2.099,0,14.8795,112,0.489128,84,126,0,0,
2.11568,0,14.88,112,0.493288,83,125,0,0,
2.13228,0,15.2646,104,0.497522,86,125,0,0,
2.14895,0,15.0619,103,0.501743,85,125,0,0,
2.16562,0,15.12,103,0.505913,84,125,0,0,
2.18227,0,15.2016,113,0.510098,83,124,0,0,
2.19892,0,15.72,113,0.514303,86,124,0,0,
2.21563,0,15.4082,110,0.51852,86,124,0,0,
2.23223,0,15.24,110,0.522798,88,124,0,0,
2.2489,0,15.48,112,0.527072,86,124,0,0,
2.26557,0,15.5709,107,0.531325,86,124,0,0,
2.28222,0,15.48,111,0.535655,87,124,0,0,
2.29887,0,15.6,119,0.540022,90,124,0,0,
2.31558,0,15.84,119,0.544368,89,124,0,0,
2.33218,0,15.72,123,0.548799,88,124,0,0,
2.34888,0,15.24,123,0.553133,88,124,0,0,
2.36552,0,15.4728,111,0.557439,85,123,0,0,
2.38217,0,15.12,104,0.561579,84,123,0,0,
2.39882,0,15.0312,115,0.565772,84,124,0,0,
2.41553,0,15.24,115,0.569967,85,123,0,0,
2.4322,0,15.12,101,0.574227,87,123,0,0,
2.44878,0,15.6369,112,0.578514,84,123,0,0,
2.46545,0,14.88,97,0.582699,83,123,0,0,
2.48212,0,15,96,0.586846,84,123,0,0,
2.49877,0,14.4,114,0.591027,84,123,0,0,
2.51542,0,15.24,101,0.595197,83,122,0,0,
2.53208,0,15.96,112,0.599407,88,122,0,0,
2.54875,0,14.88,107,0.603683,87,123,0,0,
2.56543,0,14.28,114,0.607918,84,123,0,0,
2.58208,0,15,114,0.611925,83,123,0,0,
2.59882,0,15.12,98,0.616022,84,123,0,0,
2.61537,0,14.4,110,0.620149,83,123,0,0,
2.63203,0,15.6,99,0.624268,84,124,0,0,
2.6487,0,15,114,0.628441,83,124,0,0,
2.66535,0,14.88,114,0.632595,84,125,0,0,
2.68202,0,14.88,98,0.636764,84,125,0,0,
2.6987,0,15.12,98,0.640877,84,124,0,0,
2.71533,0,15.84,105,0.645131,85,124,0,0,
2.73198,0,16.08,105,0.649524,89,124,0,0,
2.74865,0,15.84,115,0.654002,89,124,0,0,
2.7653,0,16.08,125,0.658456,90,124,0,0,
2.78198,0,15.84,125,0.662856,89,124,0,0,
2.79862,0,16.2,116,0.667268,89,125,0,0,
2.81528,0,15,116,0.671582,88,125,0,0,
2.83197,0,15.24,114,0.675871,86,125,0,0,
2.84862,0,15.4404,109,0.680149,86,125,0,0,
2.86525,0,15.2963,113,0.684406,86,125,0,0,
2.88192,0,15,106,0.688663,87,125,0,0,
2.8986,0,15.6,113,0.692893,87,125,0,0,
2.91522,0,15.12,109,0.697153,87,126,0,0,
2.93198,0,15.12,109,0.701406,87,126,0,0,
2.94855,0,15.24,111,0.705742,89,126,0,0,
2.9652,0,15.24,110,0.710064,86,127,0,0,
2.98185,0,15.12,119,0.714291,85,127,0,0,
2.99852,0,15.24,110,0.718477,85,127,0,0,
3.01527,0,15.36,119,0.722677,85,128,0,0,
3.03183,0,15.36,109,0.726928,87,128,0,0,
3.0485,0,15.72,114,0.731223,87,128,0,0,
3.06515,0,15.48,115,0.735489,87,128,0,0,
3.0819,0,15.84,117,0.739705,87,128,0,0,
3.09847,0,15,116,0.744074,88,128,0,0,
3.11518,0,15.84,112,0.748419,87,128,0,0,
3.13178,0,14.88,110,0.752623,86,128,0,0,
3.14845,0,14.88,110,0.756823,86,128,0,0,
3.1651,0,15.72,119,0.761144,89,129,0,0,
3.18177,0,15.7876,119,0.765525,89,129,0,0,
3.19845,0,15.72,121,0.769872,88,128,0,0,
3.21508,0,15,119,0.774161,84,128,0,0,
3.23182,0,16.08,117,0.778408,89,128,0,0,
3.24842,0,15.12,114,0.782697,86,128,0,0,
3.26507,0,15.12,114,0.786897,84,129,0,0,
3.2817,0,15.12,113,0.791103,84,129,0,0,
3.29837,0,15.24,105,0.795296,84,128,0,0,
3.31502,0,15,110,0.799577,88,128,0,0,
3.33168,0,16.08,117,0.803924,88,128,0,0,
3.3484,0,15.72,124,0.808253,87,127,0,0,
3.36502,0,14.88,116,0.812599,87,127,0,0,
3.38298,0,15.36,116,0.816879,86,126,0,0,
3.39833,0,15.6,116,0.821154,87,125,0,0,
3.41498,0,15.24,116,0.825487,87,125,0,0,
3.43163,0,15.36,119,0.829774,87,125,0,0,
3.4483,0,15.24,116,0.834107,86,125,0,0,
3.46497,0,15.3122,108,0.838329,85,125,0,0,
3.48163,0,15.12,107,0.842563,85,124,0,0,
3.49828,0,15.24,107,0.846776,86,124,0,0,
3.515,0,15.48,113,0.851007,87,124,0,0,
3.53165,0,15.48,113,0.855307,87,124,0,0,
3.54827,0,15.6,117,0.859608,87,124,0,0,
3.56492,0,16.2,114,0.863896,90,124,0,0,
3.58158,0,14.88,117,0.868293,86,124,0,0,
3.5983,0,15.36,122,0.872553,86,123,0,0,
3.61488,0,15.48,122,0.876713,85,124,0,0,
3.63155,0,15.12,109,0.880987,87,124,0,0,
3.6482,0,15,119,0.885312,85,124,0,0,
3.66488,0,14.88,102,0.889518,84,124,0,0,
3.68152,0,15.6,115,0.893643,85,124,0,0,
3.69817,0,14.4,113,0.897857,84,123,0,0,
3.71483,0,14.76,113,0.901957,83,123,0,0,
3.73148,0,15.24,95,0.906038,84,123,0,0,
3.74815,0,14.88,105,0.910214,84,122,0,0,
3.7648,0,15.0312,109,0.914338,82,122,0,0,
3.78147,0,15,108,0.918495,85,122,0,0,
3.79812,0,14.88,108,0.922648,84,122,0,0,
3.81492,0,15.12,111,0.926821,84,121,0,0,
3.83143,0,17.76,142,0.931163,95,121,0,0,
3.8483,0,16.8,135,0.935967,95,121,0,0,
3.86475,0,17.04,147,0.940724,95,121,0,0,
3.88142,0,16.92,135,0.94537,95,122,0,0,
3.89817,0,16.32,150,0.949977,95,122,0,0,
3.91473,0,17.28,159,0.95471,94,122,0,0,
3.93138,0,17.28,143,0.959452,91,122,0,0,
3.94815,0,17.52,143,0.964285,90,123,0,0,
3.96472,0,18.12,159,0.969138,93,124,0,0,
3.98137,0,18.6,177,0.974311,95,124,0,0,
3.99803,0,18.386,166,0.979374,92,124,0,0,
4.01467,0,17.52,160,0.984301,90,125,0,0,
4.03133,0,18,164,0.989199,91,126,0,0,
4.04807,0,17.76,171,0.99416,92,127,0,0,
4.06467,0,18,171,0.999067,91,128,0,0,
4.0814,0,17.04,166,1.00391,92,128,0,0,
4.09803,0,17.64,168,1.00875,90,129,0,0,
4.11463,0,18.12,156,1.01366,91,130,0,0,
4.13128,0,17.52,169,1.0186,90,131,0,0,
4.148,0,18,167,1.02364,93,132,0,0,
4.16467,0,18.0264,170,1.02864,91,132,0,0,
4.18127,0,17.52,158,1.03366,91,133,0,0,
4.198,0,17.76,165,1.03854,90,133,0,0,
4.21463,0,17.04,165,1.04343,89,134,0,0,
4.23125,0,17.4,157,1.04831,89,134,0,0,
4.24803,0,17.64,148,1.05314,89,135,0,0,
4.26465,0,18.12,169,1.05815,93,135,0,0,
4.2813,0,18,165,1.0632,94,135,0,0,
4.29787,0,18.24,179,1.06829,93,135,0,0,
4.31455,0,17.64,180,1.07336,93,135,0,0,
4.33127,0,17.28,162,1.07824,89,135,0,0,
4.3479,0,17.64,161,1.08306,90,135,0,0,
4.36465,0,17.76,161,1.08798,92,136,0,0,
4.38125,0,18.24,162,1.09289,91,136,0,0,
4.39782,0,18.12,162,1.09794,94,136,0,0,
4.41448,0,18.12,168,1.10297,92,137,0,0,
4.43113,0,18.12,161,1.10801,92,137,0,0,
4.4479,0,17.88,164,1.11301,92,137,0,0,
4.46445,0,18.24,171,1.11807,94,137,0,0,
4.48117,0,18.24,171,1.12313,93,137,0,0,
4.49777,0,17.52,172,1.12816,90,137,0,0,
4.51448,0,18.36,172,1.13306,91,138,0,0,
4.53108,0,18.24,161,1.13803,91,139,0,0,
4.54775,0,18,153,1.14309,92,140,0,0,
4.5644,0,17.52,169,1.14806,93,141,0,0,
4.58107,0,17.76,161,1.15303,93,141,0,0,
4.59773,0,18.0706,163,1.15802,95,142,0,0,
4.61438,0,18.4551,178,1.16309,94,142,0,0,
4.63105,0,18.12,179,1.16821,94,142,0,0,
4.6478,0,17.76,176,1.17327,93,143,0,0,
4.66442,0,18,159,1.17831,92,143,0,0,
4.68102,0,18.24,166,1.18329,93,143,0,0,
4.69768,0,18.2948,156,1.18837,94,143,0,0,
4.71442,0,18.0044,161,1.19341,92,144,0,0,
4.73098,0,18,158,1.1984,92,144,0,0,
4.7477,0,18.12,158,1.20342,93,144,0,0,
4.76435,0,18.24,168,1.20841,91,144,0,0,
4.78108,0,18,166,1.21343,92,145,0,0,
4.79768,0,17.76,168,1.21843,92,145,0,0,
4.81437,0,17.76,151,1.22333,91,145,0,0,
4.831,0,18.48,169,1.22833,94,145,0,0,
4.84767,0,18,148,1.23333,91,144,0,0,
4.86425,0,17.88,159,1.23823,89,145,0,0,
4.88093,0,18.36,161,1.24324,94,144,0,0,
4.89757,0,18.36,155,1.24824,92,145,0,0,
4.91423,0,18.0706,154,1.25329,91,144,0,0,
4.93088,0,17.16,154,1.25821,91,144,0,0,
4.94755,0,17.64,158,1.26318,91,145,0,0,
4.9642,0,18,158,1.26808,93,145,0,0,
4.98093,0,17.76,163,1.27308,92,144,0,0,
4.99753,0,18,169,1.27806,92,144,0,0,
5.01418,0,17.88,161,1.28304,92,144,0,0,
5.03093,0,18.12,165,1.28803,92,144,0,0,
5.0475,0,17.8735,159,1.29303,93,144,0,0,
5.06422,0,18.36,156,1.29808,93,143,0,0,
5.08082,0,18.24,156,1.30304,92,144,0,0,
5.09757,0,18.72,159,1.3081,96,144,0,0,
5.11413,0,18.6,187,1.3133,95,143,0,0,
5.1308,0,18.4782,172,1.31844,94,144,0,0,
5.1475,0,18.24,159,1.32356,94,144,0,0,
5.16412,0,18.36,168,1.32866,94,144,0,0,
5.18077,0,18.24,156,1.33376,94,144,0,0,
5.19747,0,18.48,156,1.33888,94,143,0,0,
5.21413,0,18.4551,171,1.34398,94,144,0,0,
5.23075,0,18.84,171,1.34914,96,144,0,0,
5.2474,0,18.6771,175,1.35438,96,144,0,0,
5.26412,0,18.3403,151,1.35949,92,144,0,0,
5.28073,0,18.0928,158,1.36447,91,145,0,0,
5.29737,0,18.0928,165,1.36954,94,145,0,0,
5.31403,0,17.76,165,1.37465,92,145,0,0,
5.33077,0,18.3517,170,1.37961,92,145,0,0,
5.34745,0,17.76,170,1.38461,91,145,0,0,
5.364,0,17.9496,155,1.38961,93,145,0,0,
5.38077,0,18.0264,156,1.39455,92,145,0,0,
5.39732,0,18.0044,161,1.3996,93,145,0,0,
5.41398,0,18.24,149,1.40459,92,146,0,0,
5.4307,0,18.24,158,1.40961,93,145,0,0,
5.4473,0,18.24,159,1.41467,93,145,0,0,
5.46405,0,18.6,167,1.41971,93,145,0,0,
5.4806,0,17.76,168,1.42482,92,145,0,0,
5.49735,0,17.88,158,1.42984,93,145,0,0,
5.51393,0,18.1373,167,1.43493,94,145,0,0,
5.53065,0,17.52,167,1.43998,90,146,0,0,
5.54725,0,18.0706,153,1.44491,91,146,0,0,
5.56392,0,18.12,161,1.45008,94,146,0,0,
5.58063,0,18.5479,171,1.45521,95,146,0,0,
5.59732,0,17.9824,162,1.46028,93,146,0,0,
5.61397,0,18.6,162,1.4654,95,146,0,0,
5.63062,0,18.6,174,1.47055,97,146,0,0,
5.64723,0,18.84,174,1.47574,94,146,0,0,
5.66385,0,18.72,162,1.4809,95,145,0,0,
5.68052,0,18.6182,172,1.48607,93,145,0,0,
5.69717,0,18.6417,174,1.49128,97,145,0,0,
5.71392,0,18.24,159,1.49635,94,145,0,0,
5.73055,0,18.24,159,1.50143,93,145,0,0,
5.74715,0,18.84,163,1.50652,96,145,0,0,
5.7638,0,18.6,163,1.51172,96,145,0,0,
5.78047,0,18.84,180,1.51696,97,145,0,0,
5.79712,0,18.7127,160,1.52215,94,145,0,0,
5.8138,0,18.689,160,1.52739,97,145,0,0,
5.8305,0,18.48,174,1.53258,96,145,0,0,
5.84712,0,18.84,174,1.53771,96,145,0,0,
5.86375,0,18.36,170,1.54288,96,145,0,0,
5.88047,0,18.84,170,1.54806,96,145,0,0,
5.89712,0,18.84,166,1.55333,98,145,0,0,
5.91373,0,19.08,186,1.55853,98,145,0,0,
5.93045,0,18.72,174,1.56376,96,145,0,0,
5.94705,0,18.9046,158,1.56896,95,145,0,0,
5.96372,0,19.68,158,1.57422,100,145,0,0,
5.98048,0,19.175,185,1.57956,97,145,0,0,
5.99708,0,20.88,185,1.58518,96,145,0,0,
6.01367,0,20.2968,198,1.59079,93,145,0,0,
6.03033,0,19.7662,176,1.59624,90,145,0,0,
6.047,0,19.56,183,1.60171,91,145,0,0,
6.06365,0,19.68,182,1.6072,92,145,0,0,
6.0804,0,19.8194,187,1.61261,90,145,0,0,
6.09698,0,19.5048,180,1.61804,90,145,0,0,
6.11362,0,19.3766,183,1.62346,90,146,0,0,
6.13028,0,19.44,185,1.62888,90,146,0,0,
6.147,0,18.96,185,1.63428,89,146,0,0,
6.1636,0,19.225,174,1.63966,89,146,0,0,
6.18027,0,19.32,174,1.64504,91,147,0,0,
6.19692,0,20.16,187,1.65049,92,146,0,0,
6.21367,0,19.8,187,1.65597,91,147,0,0,
6.23023,0,19.6608,186,1.66145,89,147,0,0,
6.2469,0,18.36,166,1.66679,89,147,0,0,
6.26357,0,20.04,178,1.67213,91,148,0,0,
6.28028,0,19.687,182,1.6776,91,148,0,0,
6.29693,0,19.68,182,1.68301,91,148,0,0,
6.31357,0,19.6477,178,1.68845,91,148,0,0,
6.33028,0,20.04,178,1.69397,93,148,0,0,
6.34693,0,19.8996,183,1.69945,93,149,0,0,
6.36352,0,19.32,188,1.70495,91,148,0,0,
6.38025,0,19.32,188,1.71032,89,149,0,0,
6.39695,0,19.08,176,1.71562,89,149,0,0,
6.41355,0,19.08,176,1.72095,89,149,0,0,
6.43013,0,19.2,185,1.7263,90,149,0,0,
6.4468,0,19.2,185,1.73169,90,149,0,0,
6.46347,0,19.479,173,1.737,88,149,0,0,
6.4802,0,19.08,169,1.74233,89,149,0,0,
6.49687,0,19.08,169,1.74765,90,149,0,0,
6.51345,0,19.2501,170,1.75301,89,149,0,0,
6.53015,0,19.44,170,1.75839,89,149,0,0,
6.5468,0,19.2,165,1.76378,89,149,0,0,
6.56353,0,19.2,165,1.76911,89,149,0,0,
6.58005,0,19.2,172,1.77445,88,149,0,0,
6.59672,0,19.08,179,1.77982,90,149,0,0,
6.61338,0,19.5565,167,1.78514,90,149,0,0,
6.63003,0,18.5479,171,1.79041,89,149,0,0,
6.64677,0,19.5306,174,1.79582,92,149,0,0,
6.66335,0,19.3766,175,1.80116,89,150,0,0,
6.6801,0,19.2,175,1.80647,89,150,0,0,
6.69675,0,19.1005,176,1.81179,88,150,0,0,
6.71333,0,19.2,176,1.81707,90,150,0,0,
6.73,0,19.5565,182,1.82243,90,150,0,0,
6.74668,0,19.08,182,1.82781,89,150,0,0,
6.76337,0,18.84,167,1.83307,87,151,0,0,
6.77997,0,18.72,167,1.83829,87,151,0,0,
6.79662,0,19.56,173,1.84354,90,151,0,0,
6.81328,0,19.2,173,1.84898,91,151,0,0,
6.83,0,18.84,170,1.85433,90,151,0,0,
6.84668,0,19.2,175,1.85966,89,151,0,0,
6.86325,0,19.08,167,1.86493,87,151,0,0,
6.87992,0,18.7842,170,1.87013,87,151,0,0,
6.89668,0,19.68,171,1.87555,90,151,0,0,
6.91333,0,19.08,171,1.88093,89,151,0,0,
6.92988,0,20.4,174,1.88654,94,151,0,0,
6.9466,0,21.24,197,1.89236,96,151,0,0,
6.96327,0,21,212,1.89819,97,151,0,0,
6.97987,0,20.16,204,1.90393,93,151,0,0,
6.99662,0,20.64,192,1.90958,94,151,0,0,
7.0132,0,20.64,183,1.91526,95,151,0,0,
7.0299,0,20.4,190,1.92096,97,151,0,0,
7.04655,0,20.28,202,1.92671,95,152,0,0,
7.06322,0,20.28,202,1.93231,93,151,0,0,
7.07987,0,20.16,198,1.93795,94,152,0,0,
7.0965,0,20.76,180,1.94362,96,152,0,0,
7.11323,0,20.88,192,1.94941,96,152,0,0,
7.12978,0,20.4,207,1.95506,94,152,0,0,
7.14645,0,20.28,207,1.96068,92,152,0,0,
7.1631,0,20.04,196,1.96639,94,153,0,0,
7.17985,0,19.44,196,1.97202,94,153,0,0,
7.19648,0,20.04,185,1.97766,94,153,0,0,
7.21308,0,20.28,172,1.9834,97,153,0,0,
7.22973,0,21.36,211,1.98917,98,153,0,0,
7.24645,0,20.88,218,1.995,96,153,0,0,
7.26307,0,20.4,190,2.00073,95,153,0,0,
7.27972,0,21.0351,213,2.00655,98,153,0,0,
7.29637,0,21.1255,203,2.01243,97,153,0,0,
7.31308,0,20.64,203,2.01822,96,153,0,0,
7.32975,0,21.0651,184,2.02396,95,153,0,0,
7.34635,0,20.16,184,2.02969,94,153,0,0,
7.36308,0,20.6088,204,2.03539,96,153,0,0,
7.37967,0,20.9753,187,2.04108,96,153,0,0,
7.39632,0,20.88,187,2.04689,96,153,0,0,
7.41308,0,20.9753,198,2.05266,97,153,0,0,
7.42965,0,21.36,198,2.05844,98,153,0,0,
7.4463,0,21.1558,208,2.0643,98,153,0,0,
7.46295,0,21,208,2.0701,96,153,0,0,
7.47962,0,21.232,201,2.07594,99,153,0,0,
7.49633,0,20.8861,211,2.08178,97,153,0,0,
7.51297,0,21.12,211,2.08764,98,152,0,0,
7.52958,0,21.5579,220,2.09352,100,153,0,0,
7.54633,0,21.36,220,2.09952,100,153,0,0,
7.5629,0,21.4326,189,2.10546,99,153,0,0,
7.57967,0,20.64,189,2.11131,98,153,0,0,
7.59633,0,20.6376,195,2.11703,95,153,0,0,
7.61295,0,20.8566,186,2.12275,97,153,0,0,
7.62965,0,21,186,2.12848,97,153,0,0,
7.64627,0,20.9455,187,2.13429,97,153,0,0,
7.66292,0,20.04,187,2.14008,96,154,0,0,
7.67952,0,20.9753,212,2.14573,98,154,0,0,
7.69623,0,20.64,212,2.15155,97,154,0,0,
7.71292,0,21,212,2.1573,97,154,0,0,
7.72955,0,21,191,2.16316,98,154,0,0,
7.74615,0,21.12,191,2.16903,97,155,0,0,
7.76288,0,20.88,201,2.17482,95,155,0,0,
7.77952,0,20.76,186,2.18054,95,155,0,0,
7.79625,0,20.64,197,2.1863,96,155,0,0,
7.81283,0,20.88,199,2.19207,96,155,0,0,
7.82943,0,21.48,199,2.19791,98,155,0,0,
7.8462,0,21.12,192,2.20371,97,156,0,0,
7.86282,0,20.76,200,2.20954,97,156,0,0,
7.87942,0,20.88,218,2.21539,97,156,0,0,
7.89607,0,21.12,181,2.22117,95,156,0,0,
7.91285,0,21.12,187,2.22702,100,156,0,0,
7.92938,0,21.72,187,2.23298,100,157,0,0,
7.9461,0,21.84,215,2.23904,103,157,0,0,
7.96272,0,22.56,214,2.2452,105,157,0,0,
7.97942,0,22.44,252,2.25146,102,157,0,0,
7.99602,0,21.48,209,2.25764,102,157,0,0,
8.01278,0,22.32,209,2.2637,101,157,0,0,
8.02938,0,22.32,220,2.26989,103,158,0,0,
8.04605,0,21.72,220,2.27603,103,157,0,0,
8.06265,0,21.84,215,2.28214,100,158,0,0,
8.07942,0,21.48,225,2.28816,101,158,0,0,
8.09598,0,22.2,208,2.29416,104,158,0,0,
8.11263,0,21.84,208,2.30032,102,159,0,0,
8.12932,0,21.6,230,2.30641,101,159,0,0,
8.146,0,21.6,194,2.31232,100,159,0,0,
8.1626,0,21.6,194,2.31832,100,160,0,0,
8.17933,0,21.36,211,2.32434,101,160,0,0,
8.19592,0,22.2,195,2.33039,102,160,0,0,
8.21268,0,22.2,233,2.33653,101,160,0,0,
8.2293,0,21.6,204,2.34257,101,160,0,0,
8.2459,0,21.7808,210,2.34854,98,160,0,0,
8.26263,0,21.12,209,2.35453,101,160,0,0,
8.27922,0,21.48,209,2.36039,100,160,0,0,
8.29588,0,21.36,196,2.36634,99,161,0,0,
8.31263,0,21.6,196,2.3723,100,160,0,0,
8.3292,0,21.84,202,2.37833,101,160,0,0,
8.34593,0,21.6,228,2.38439,101,161,0,0,
8.3626,0,21.6,200,2.39037,100,161,0,0,
8.37918,0,21.72,198,2.39638,100,161,0,0,
8.39585,0,22.32,198,2.40244,102,161,0,0,
8.41248,0,22.2,212,2.40854,103,161,0,0,
8.4292,0,21.6,222,2.41455,98,161,0,0,
8.4458,0,21.84,193,2.42054,101,161,0,0,
8.46247,0,21.12,199,2.42658,101,161,0,0,
8.47917,0,22.2,228,2.43255,100,161,0,0,
8.49577,0,21.6,190,2.43858,100,161,0,0,
8.5125,0,22.32,205,2.44461,103,161,0,0,
8.52915,0,22.32,221,2.45075,102,161,0,0,
8.54575,0,21.48,205,2.45684,101,161,0,0,
8.56247,0,21.48,219,2.46283,101,161,0,0,
8.57907,0,22.8,219,2.46887,103,161,0,0,
8.59572,0,21.84,207,2.47509,101,161,0,0,
8.61248,0,21.84,207,2.48121,102,161,0,0,
8.62905,0,21.72,208,2.48728,100,161,0,0,
8.64577,0,21.6,224,2.49326,99,161,0,0,
8.66235,0,21.48,185,2.49926,100,161,0,0,
8.67902,0,21.96,205,2.50528,101,161,0,0,
8.69577,0,21.48,212,2.51127,101,161,0,0,
8.71235,0,21.96,192,2.51731,103,161,0,0,
8.729,0,21.6,192,2.52337,100,162,0,0,
8.74565,0,21.96,212,2.52942,101,162,0,0,
8.76237,0,21.6,202,2.53551,100,162,0,0,
8.77897,0,21.36,209,2.54149,98,162,0,0,
8.79563,0,22.44,198,2.54746,104,162,0,0,
8.81228,0,22.6855,227,2.55362,101,162,0,0,
8.82895,0,21.72,196,2.55976,101,162,0,0,
8.8456,0,21.96,196,2.5657,100,162,0,0,
8.86227,0,20.88,206,2.57166,98,162,0,0,
8.87892,0,20.76,206,2.57749,97,162,0,0,
8.89558,0,21.12,181,2.58329,97,162,0,0,
8.91223,0,18.84,196,2.58909,95,162,0,0,
8.9289,0,19.3512,138,2.5943,70,162,0,0,
8.94557,0,20.4,157,2.59959,71,162,0,0,
8.96223,0,22.32,157,2.60535,73,162,0,0,
8.97887,0,22.2,199,2.6114,77,161,0,0,
8.99552,0,23.04,199,2.61769,79,161,0,0,
9.01218,0,21.96,220,2.62397,77,161,0,0,
9.02892,0,21.96,230,2.63012,77,161,0,0,
9.04552,0,20.28,191,2.63605,77,161,0,0,
9.06215,0,21.48,169,2.64175,80,161,0,0,
9.07882,0,22.2,231,2.64782,86,161,0,0,
9.09548,0,19.8,195,2.65383,78,161,0,0,
9.11222,0,21.72,162,2.65948,73,161,0,0,
9.1288,0,21.96,234,2.66552,78,161,0,0,
9.14547,0,22.2072,198,2.67168,78,160,0,0,
9.1621,0,20.88,199,2.67773,73,160,0,0,
9.17877,0,21.6,199,2.68365,76,160,0,0,
9.1955,0,21.48,199,2.6896,75,160,0,0,
9.21215,0,20.64,184,2.6955,74,160,0,0,
9.22877,0,21.12,192,2.70131,73,160,0,0,
9.2454,0,22.2,186,2.70728,76,161,0,0,
9.26213,0,22.32,214,2.71339,77,160,0,0,
9.27878,0,21.6,207,2.71952,76,160,0,0,
9.2954,0,21.72,207,2.7255,75,160,0,0,
9.31203,0,21.12,198,2.73147,74,160,0,0,
9.32878,0,21.72,192,2.73743,75,160,0,0,
9.34535,0,21.12,206,2.74342,75,160,0,0,
9.362,0,20.88,172,2.74925,73,160,0,0,
9.37867,0,21.1558,210,2.75508,73,161,0,0,
9.39538,0,21,183,2.761,74,160,0,0,
9.41198,0,21.48,183,2.7669,73,161,0,0,
9.42863,0,21.2779,188,2.77279,77,160,0,0,
9.44535,0,22.68,242,2.77898,79,160,0,0,
9.46195,0,21,192,2.78512,76,160,0,0,
9.47867,0,21.5579,201,2.79105,75,161,0,0,
9.49527,0,21.6847,196,2.79705,75,160,0,0,
9.51193,0,26.52,210,2.80337,78,160,0,0,
9.52868,0,29.76,210,2.81108,99,160,0,0,
9.54525,0,28.2,359,2.81911,100,161,0,0,
9.56197,0,28.2,359,2.8269,96,161,0,0,
9.57858,0,26.88,347,2.8347,95,161,0,0,
9.59522,0,28.2,347,2.84224,96,161,0,0,
9.61188,0,27.96,345,2.85003,98,161,0,0,
9.6286,0,27.48,346,2.85773,97,161,0,0,
9.6452,0,28.08,335,2.86548,97,162,0,0,
9.66187,0,27.72,322,2.87323,96,162,0,0,
9.67852,0,26.64,339,2.88085,94,163,0,0,
9.69518,0,27.6,328,2.88838,95,163,0,0,
9.71183,0,27.6,328,2.89597,96,164,0,0,
9.7285,0,27.36,322,2.90362,96,164,0,0,
9.74527,0,27,322,2.91116,95,165,0,0,
9.76187,0,27.12,320,2.91869,95,165,0,0,
9.77848,0,27,328,2.92617,94,166,0,0,
9.79518,0,24.96,328,2.93344,94,166,0,0,
9.81178,0,26.52,299,2.94056,94,166,0,0,
9.82845,0,27.48,299,2.94797,96,167,0,0,
9.84518,0,27.12,307,2.9556,95,167,0,0,
9.86187,0,27.6,307,2.96321,97,167,0,0,
9.87848,0,28.56,332,2.97087,98,167,0,0,
9.89515,0,27.84,350,2.97877,96,167,0,0,
9.91173,0,27.6135,310,2.98644,96,167,0,0,
9.92838,0,28.8,364,2.99423,99,167,0,0,
9.94505,0,28.56,364,3.0022,100,167,0,0,
9.96182,0,28.68,334,3.01018,100,168,0,0,
9.97847,0,28.68,334,3.01803,97,168,0,0,
9.99503,0,28.8,350,3.02592,99,168,0,0,
10.0117,0,25.2,295,3.03346,98,168,0,0,
10.0283,0,23.4,240,3.04017,81,168,0,0,
10.0451,0,23.28,220,3.04665,80,169,0,0,
10.0617,0,24.36,220,3.05323,84,169,0,0,
10.0783,0,23.64,233,3.05994,84,169,0,0,
10.095,0,22.68,233,3.06635,82,169,0,0,
10.1116,0,21.12,199,3.07231,81,169,0,0,
10.1284,0,18.48,144,3.07786,74,170,0,0,
10.145,0,18.2721,142,3.08302,81,170,0,0,
10.1617,0,22.44,189,3.08887,80,170,0,0,
10.1783,0,22.2072,194,3.09521,84,169,0,0,
10.195,0,21.6,177,3.10142,89,169,0,0,
10.2116,0,22.2,184,3.10747,92,169,0,0,
10.2282,0,21.96,182,3.11359,91,169,0,0,
10.245,0,22.2,194,3.11972,92,169,0,0,
10.2615,0,22.8,193,3.12591,93,169,0,0,
10.2782,0,21.72,193,3.13214,90,169,0,0,
10.2949,0,21.96,183,3.13817,90,169,0,0,
10.3115,0,23.04,190,3.14436,95,168,0,0,
10.3283,0,22.7556,199,3.15074,94,168,0,0,
10.3449,0,22.2,175,3.15686,92,168,0,0,
10.3615,0,22.1738,194,3.16307,93,168,0,0,
10.3782,0,22.08,188,3.16928,92,168,0,0,
10.3948,0,22.32,188,3.17541,92,168,0,0,
10.4116,0,22.2743,195,3.18161,93,169,0,0,
10.4281,0,22.32,195,3.18783,93,169,0,0,
10.4448,0,22.2,195,3.19399,92,169,0,0,
10.4615,0,21.96,193,3.20014,93,169,0,0,
10.4781,0,22.68,193,3.20632,94,169,0,0,
10.4949,0,21.36,177,3.2126,89,169,0,0,
10.5115,0,21.12,177,3.2185,87,169,0,0,
10.5282,0,21.2167,181,3.22446,89,168,0,0,
10.5447,0,21.6,181,3.23058,94,169,0,0,
10.5615,0,21.84,185,3.23663,91,168,0,0,
10.5781,0,22.0743,189,3.24271,92,167,0,0,
10.5947,0,21.6,182,3.24881,90,167,0,0,
10.6115,0,22.08,176,3.25479,89,167,0,0,
10.628,0,22.2,176,3.26095,92,167,0,0,
10.6447,0,21.84,191,3.26709,91,168,0,0,
10.6614,0,21.96,191,3.27311,90,168,0,0,
10.6781,0,21.9265,180,3.27919,91,168,0,0,
10.6947,0,22.56,180,3.2854,94,168,0,0,
10.7114,0,22.4097,189,3.2916,92,168,0,0,
10.7282,0,21.7166,181,3.29765,91,168,0,0,
10.7447,0,22.1738,187,3.30383,92,168,0,0,
10.7614,0,22.5124,192,3.31007,95,169,0,0,
10.778,0,22.56,192,3.31635,93,168,0,0,
10.7947,0,22.68,199,3.32258,93,169,0,0,
10.8114,0,22.5813,206,3.32885,94,169,0,0,
10.8279,0,22.308,177,3.33508,91,169,0,0,
10.8446,0,22.32,191,3.34125,92,168,0,0,
10.8613,0,22.4097,180,3.34745,93,169,0,0,
10.878,0,21.72,188,3.35366,92,168,0,0,
10.8946,0,21.48,173,3.35971,89,169,0,0,
10.9112,0,21.84,183,3.36573,92,169,0,0,
10.9279,0,22.308,188,3.37189,93,169,0,0,
10.9446,0,22.4438,187,3.37809,93,169,0,0,
10.9613,0,22.56,187,3.38433,94,169,0,0,
10.9779,0,22.5124,186,3.39055,92,169,0,0,
10.9945,0,22.68,186,3.3968,94,169,0,0,
11.0112,0,23.16,194,3.40314,95,169,0,0,
11.0279,0,22.9682,199,3.40952,96,170,0,0,
11.0445,0,22.68,199,3.41583,95,169,0,0,
11.0612,0,22.4097,189,3.42208,92,170,0,0,
11.0778,0,22.2,189,3.42828,93,170,0,0,
11.0945,0,22.44,193,3.43449,94,170,0,0,
11.1112,0,22.44,193,3.44071,93,170,0,0,
11.1278,0,22.68,190,3.44697,95,170,0,0,
11.1445,0,22.68,192,3.45325,93,169,0,0,
11.1611,0,22.8,212,3.45966,96,170,0,0,
11.1778,0,22.8,206,3.46602,95,169,0,0,
11.1944,0,22.68,206,3.47234,95,169,0,0,
11.2112,0,22.8969,177,3.47863,93,169,0,0,
11.2277,0,22.68,177,3.48497,94,169,0,0,
11.2444,0,22.6333,187,3.49126,94,169,0,0,
11.2611,0,22.44,187,3.49738,91,169,0,0,
11.2777,0,22.1073,187,3.50356,91,168,0,0,
11.2944,0,21.3087,157,3.50954,85,168,0,0,
11.3111,0,16.56,157,3.51484,94,168,0,0,
11.3277,0,17.4298,140,3.51994,91,168,0,0,
11.3444,0,20.76,140,3.5256,79,168,0,0,
11.361,0,22.2,140,3.53143,79,167,0,0,
11.3777,0,23.04,186,3.53768,80,167,0,0,
11.3944,0,22.9861,211,3.54399,80,167,0,0,
11.411,0,23.1485,230,3.55041,81,167,0,0,
11.4277,0,22.32,230,3.5567,81,167,0,0,
11.4443,0,21.96,177,3.56301,76,166,0,0,
11.461,0,22.56,202,3.56907,76,166,0,0,
11.4776,0,21.6,201,3.57535,79,166,0,0,
11.4943,0,21.84,189,3.58138,76,166,0,0,
11.511,0,21.6,193,3.58745,76,166,0,0,
11.5277,0,22.0743,189,3.59347,77,166,0,0,
11.5442,0,22.0743,199,3.5997,77,166,0,0,
11.5609,0,21.48,199,3.6058,76,166,0,0,
11.5777,0,21.894,195,3.61191,76,166,0,0,
11.5943,0,21.7808,175,3.61786,75,166,0,0,
11.6109,0,21.12,175,3.62385,74,166,0,0,
11.6275,0,21.813,195,3.6298,75,166,0,0,
11.6443,0,23.04,195,3.63603,78,165,0,0,
11.6608,0,22.5124,201,3.6422,76,165,0,0,
11.6776,0,21.72,201,3.64846,76,165,0,0,
11.6942,0,21.5421,187,3.65439,74,165,0,0,
11.7109,0,21.0953,170,3.66043,70,165,0,0,
11.7275,0,22.2,170,3.66643,70,165,0,0,
11.7441,0,22.8614,222,3.67274,72,165,0,0,
11.7609,0,21.84,222,3.67903,72,165,0,0,
11.7775,0,27.6,311,3.68562,86,164,0,0,
11.7941,0,29.88,311,3.69347,92,164,0,0,
11.8109,0,29.403,367,3.70177,95,164,0,0,
11.8275,0,30.24,386,3.71013,96,165,0,0,
11.8441,0,30.24,441,3.71872,99,165,0,0,
11.8608,0,30.5292,390,3.72721,96,165,0,0,
11.8776,0,31.2,390,3.73574,97,166,0,0,
11.8941,0,31.0434,409,3.7444,97,166,0,0,
11.9108,0,31.8,409,3.75319,97,167,0,0,
11.9275,0,31.1089,407,3.76182,96,167,0,0,
11.9441,0,31.307,400,3.77046,99,168,0,0,
11.9607,0,30.72,405,3.77898,95,169,0,0,
11.9774,0,30.4033,388,3.78746,96,170,0,0,
11.9941,0,30,388,3.79592,98,171,0,0,
12.0107,0,30.3407,376,3.80438,95,171,0,0,
12.0274,0,31.08,376,3.81293,98,173,0,0,
12.0441,0,30.6243,390,3.82123,98,174,0,0,
12.0607,0,29.4912,354,3.8295,93,175,0,0,
12.0773,0,31.2,354,3.83783,97,175,0,0,
12.094,0,33.36,365,3.84657,103,176,0,0,
12.1107,0,32.4,452,3.85558,103,176,0,0,
12.1273,0,32.88,432,3.86454,102,176,0,0,
12.144,0,30.96,435,3.87336,98,177,0,0,
12.1607,0,33.36,409,3.88207,99,177,0,0,
12.1773,0,35.64,405,3.89165,112,177,0,0,
12.1939,0,33.6,553,3.90155,109,177,0,0,
12.2106,0,33.72,502,3.911,107,177,0,0,
12.2273,0,35.04,502,3.9205,108,177,0,0,
12.244,0,34.8,502,3.93016,112,177,0,0,
12.2606,0,34.08,502,3.93974,109,177,0,0,
12.2772,0,32.52,487,3.94937,108,177,0,0,
12.2939,0,23.88,483,3.95737,88,178,0,0,
12.3105,0,20.64,194,3.96379,72,178,0,0,
12.3272,0,21.36,146,3.96967,75,178,0,0,
12.3439,0,20.6521,168,3.97549,75,178,0,0,
12.3605,0,19.08,156,3.98103,94,178,0,0,
12.3772,0,18.96,156,3.98624,83,179,0,0,
12.3938,0,22.92,144,3.99209,95,178,0,0,
12.4105,0,23.04,202,3.99841,95,178,0,0,
12.4273,0,22.44,207,4.00479,93,178,0,0,
12.4438,0,22.56,201,4.01096,93,178,0,0,
12.4605,0,22.2,195,4.01713,92,178,0,0,
12.4771,0,21.84,187,4.02332,92,177,0,0,
12.4938,0,22.8,187,4.0296,95,177,0,0,
12.5105,0,22.68,196,4.03588,92,177,0,0,
12.5272,0,22.2,196,4.04215,92,176,0,0,
12.5439,0,22.08,192,4.04825,91,176,0,0,
12.5605,0,21.72,187,4.05431,90,176,0,0,
12.5771,0,22.32,178,4.06043,91,175,0,0,
12.5937,0,22.44,206,4.06681,95,175,0,0,
12.6104,0,22.9682,212,4.0731,94,175,0,0,
12.6271,0,22.08,185,4.07932,92,175,0,0,
12.6437,0,21.96,185,4.08551,92,176,0,0,
12.6604,0,23.28,184,4.0917,91,175,0,0,
12.6771,0,22.08,200,4.09805,94,175,0,0,
12.6937,0,22.8,191,4.10424,93,175,0,0,
12.7104,0,22.2,200,4.11045,92,175,0,0,
12.7271,0,21.6,189,4.11655,91,175,0,0,
12.7438,0,21.72,188,4.12262,91,175,0,0,
12.7604,0,21.96,183,4.12867,91,175,0,0,
12.777,0,21.12,182,4.13468,89,175,0,0,
12.7937,0,21.48,174,4.14064,89,175,0,0,
12.8103,0,21.96,175,4.14655,91,175,0,0,
12.827,0,22.44,175,4.15268,92,175,0,0,
12.8437,0,21.6,190,4.15879,91,175,0,0,
12.8603,0,21.96,186,4.1648,90,175,0,0,
12.8769,0,21.84,176,4.17088,91,175,0,0,
12.8937,0,22.44,195,4.17708,94,175,0,0,
12.9102,0,22.44,191,4.18333,93,175,0,0,
12.9269,0,22.32,191,4.18951,92,175,0,0,
12.9436,0,23.16,191,4.19574,96,175,0,0,
12.9603,0,23.16,208,4.20212,98,175,0,0,
12.9769,0,21.96,208,4.20833,94,175,0,0,
12.9936,0,21.6,196,4.21454,93,175,0,0,
13.0102,0,22.8,191,4.22069,93,174,0,0,
13.0268,0,21.84,192,4.22696,91,174,0,0,
13.0436,0,22.2,184,4.23309,91,174,0,0,
13.0602,0,22.2,184,4.23926,91,174,0,0,
13.0768,0,22.44,193,4.24544,93,173,0,0,
13.0936,0,22.2,193,4.25162,93,173,0,0,
13.1102,0,21.84,195,4.25777,92,173,0,0,
13.1268,0,22.44,194,4.26387,92,173,0,0,
13.1435,0,22.08,182,4.27,92,172,0,0,
13.1601,0,21.84,180,4.27598,90,172,0,0,
13.1768,0,21.96,180,4.28203,90,172,0,0,
13.1934,0,22.08,187,4.28814,92,172,0,0,
13.2102,0,21.72,187,4.29421,90,171,0,0,
13.2268,0,22.44,183,4.30033,92,171,0,0,
13.2434,0,21.36,177,4.30637,90,171,0,0,
13.2601,0,22.32,188,4.31246,91,171,0,0,
13.2767,0,21.48,186,4.3186,92,171,0,0,
13.2934,0,22.2,197,4.32473,92,171,0,0,
13.3101,0,21.72,192,4.33082,91,171,0,0,
13.3267,0,21.9103,181,4.33688,90,171,0,0,
13.3434,0,21.96,191,4.34297,91,171,0,0,
13.36,0,22.1405,189,4.34907,92,172,0,0,
13.3768,0,22.2,195,4.35511,90,172,0,0,
13.3934,0,21.84,195,4.36124,90,172,0,0,
13.41,0,21.72,183,4.36731,90,172,0,0,
13.4266,0,21.72,178,4.37335,90,171,0,0,
13.4433,0,22.56,192,4.37941,93,171,0,0,
13.46,0,22.8,189,4.38566,94,171,0,0,
13.4767,0,21.72,197,4.39185,90,171,0,0,
13.4933,0,20.76,172,4.39779,88,171,0,0,
13.5099,0,21.72,172,4.40377,90,170,0,0,
13.5266,0,21.84,178,4.4098,91,170,0,0,
13.5433,0,22.44,198,4.41594,92,170,0,0,
13.5599,0,21.6,186,4.42202,90,170,0,0,
13.5766,0,21.6,181,4.428,88,170,0,0,
13.5932,0,21.4638,175,4.43395,88,170,0,0,
13.61,0,21.96,177,4.43995,92,170,0,0,
13.6266,0,22.44,177,4.44609,92,170,0,0,
13.6432,0,23.28,200,4.45243,94,170,0,0,
13.6599,0,22.2,214,4.45872,94,170,0,0,
13.6765,0,22.2,191,4.46493,94,169,0,0,
13.6932,0,22.08,191,4.47105,90,169,0,0,
13.7098,0,21.813,176,4.47712,92,169,0,0,
13.7266,0,22.44,204,4.48338,94,169,0,0,
13.7431,0,22.92,204,4.48961,95,169,0,0,
13.7598,0,22.8,204,4.49596,94,169,0,0,
13.7765,0,22.68,202,4.50227,94,169,0,0,
13.7931,0,22.68,208,4.50862,95,169,0,0,
13.8098,0,22.32,196,4.51495,95,168,0,0,
13.8264,0,21.84,188,4.52124,93,168,0,0,
13.8431,0,22.3418,193,4.5274,92,168,0,0,
13.8598,0,21.84,192,4.53356,91,168,0,0,
13.8764,0,23.04,198,4.53982,94,168,0,0,
13.8932,0,22.5468,206,4.54605,92,168,0,0,
13.9098,0,22.32,191,4.55225,93,168,0,0,
13.9264,0,22.44,191,4.55854,96,168,0,0,
13.943,0,24.48,204,4.56498,89,168,0,0,
13.9598,0,24,204,4.57168,88,167,0,0,
13.9764,0,24.36,227,4.5783,88,167,0,0,
13.9931,0,24.96,234,4.58503,91,167,0,0,
14.0098,0,24.48,240,4.59196,91,167,0,0,
14.0264,0,25.92,241,4.59891,92,167,0,0,
14.043,0,24.72,241,4.60597,93,166,0,0,
14.0597,0,25.68,246,4.61294,91,167,0,0,
14.0763,0,24.84,246,4.61986,91,166,0,0,
14.093,0,25.44,244,4.62678,92,167,0,0,
14.1096,0,24.84,245,4.63378,91,167,0,0,
14.1264,0,25.08,253,4.64071,92,166,0,0,
14.143,0,25.1203,247,4.64767,91,166,0,0,
14.1596,0,24.8242,239,4.65462,90,166,0,0,
14.1763,0,24.24,244,4.66142,90,166,0,0,
14.1929,0,25.32,244,4.66834,93,167,0,0,
14.2096,0,24.9925,250,4.67534,93,166,0,0,
14.2263,0,24.84,250,4.68225,91,167,0,0,
14.2429,0,24.6,239,4.68915,91,166,0,0,
14.2596,0,24.9081,235,4.69609,93,166,0,0,
14.2763,0,25.32,247,4.7031,93,167,0,0,
14.2929,0,25.32,253,4.71015,94,167,0,0,
14.3095,0,25.2,253,4.71718,92,166,0,0,
14.3262,0,24.84,253,4.72415,91,167,0,0,
14.3429,0,25.68,253,4.73119,94,167,0,0,
14.3596,0,24.96,251,4.7383,91,167,0,0,
14.3763,0,25.2,240,4.74526,92,167,0,0,
14.3928,0,25.68,249,4.75226,94,166,0,0,
14.4095,0,25.779,241,4.75941,94,167,0,0,
14.4262,0,25.6445,247,4.76646,92,167,0,0,
14.4428,0,24.96,243,4.77347,93,167,0,0,
14.4595,0,24.6,245,4.78041,91,167,0,0,
14.4763,0,25.08,239,4.78737,92,167,0,0,
14.4928,0,26.16,243,4.79431,95,167,0,0,
14.5095,0,25.92,277,4.80146,94,168,0,0,
14.5261,0,25.2,277,4.80858,94,168,0,0,
14.5428,0,26.76,250,4.81571,94,168,0,0,
14.5594,0,25.8,250,4.82302,95,168,0,0,
14.5761,0,26.0063,265,4.8302,95,169,0,0,
14.5928,0,25.68,268,4.83738,94,169,0,0,
14.6094,0,25.68,255,4.84447,94,169,0,0,
14.626,0,25.32,255,4.8516,93,169,0,0,
14.6427,0,25.44,255,4.85864,93,169,0,0,
14.6593,0,25.8,247,4.86574,94,170,0,0,
14.6761,0,25.32,248,4.8729,94,170,0,0,
14.6927,0,25.8695,259,4.88,93,170,0,0,
14.7093,0,25.92,260,4.88714,95,170,0,0,
14.726,0,26.1447,260,4.89432,95,170,0,0,
14.7427,0,27,275,4.90169,99,171,0,0,
14.7594,0,25.44,275,4.9089,94,171,0,0,
14.7761,0,26.2377,254,4.91601,93,171,0,0,
14.7927,0,25.32,254,4.92316,93,171,0,0,
14.8094,0,25.5335,254,4.9302,93,172,0,0,
14.826,0,25.4674,258,4.93729,93,172,0,0,
14.8426,0,25.6445,237,4.94436,93,172,0,0,
14.8593,0,25.8,247,4.95146,93,172,0,0,
14.8759,0,25.8,247,4.95862,94,171,0,0,
14.8926,0,25.68,256,4.96572,94,172,0,0,
14.9093,0,25.68,256,4.9728,94,172,0,0,
14.9259,0,25.2,253,4.97984,92,172,0,0,
14.9425,0,25.2493,251,4.9868,92,172,0,0,
14.9593,0,25.32,228,4.99378,92,173,0,0,
14.9759,0,25.8,252,5.00082,94,172,0,0,
14.9925,0,25.2,252,5.00785,94,173,0,0,
15.0092,0,25.44,248,5.01494,93,173,0,0,
15.0259,0,26.28,260,5.02205,95,173,0,0,
15.0425,0,26.0984,264,5.02927,95,173,0,0,
15.0591,0,25.4674,255,5.03645,94,173,0,0,
15.0759,0,25.779,233,5.04355,94,173,0,0,
15.0925,0,25.08,233,5.05063,92,173,0,0,
15.1091,0,25.1846,237,5.05766,92,173,0,0,
15.1259,0,24.6,230,5.06456,91,173,0,0,
15.1425,0,25.2062,248,5.07158,92,173,0,0,
15.1591,0,25.1631,244,5.07857,92,173,0,0,
15.176,0,25.44,244,5.08551,91,173,0,0,
15.1925,0,25.4674,265,5.09258,95,173,0,0,
15.2091,0,25.56,265,5.09979,95,173,0,0,
15.2257,0,26.0523,253,5.10693,94,173,0,0,
15.2424,0,25.8,233,5.11399,92,173,0,0,
15.2591,0,25.6892,252,5.12115,94,172,0,0,
15.2758,0,25.68,254,5.12825,94,173,0,0,
15.2925,0,26.04,254,5.13534,94,173,0,0,
15.309,0,25.8,260,5.14258,96,173,0,0,
15.3257,0,25.8,260,5.14975,96,173,0,0,
15.3424,0,27.12,264,5.15704,98,173,0,0,
15.359,0,26.76,292,5.16448,98,173,0,0,
15.3757,0,26.4,271,5.1719,97,173,0,0,
15.3924,0,25.9149,234,5.17914,95,172,0,0,
15.4091,0,25.2,234,5.18623,93,172,0,0,
15.4257,0,25.4674,258,5.19335,94,173,0,0,
15.4423,0,25.68,258,5.20046,94,172,0,0,
15.459,0,26.04,261,5.20763,95,173,0,0,
15.4757,0,25.9149,250,5.21484,94,173,0,0,
15.4924,0,25.5556,236,5.22187,92,173,0,0,
15.509,0,25.3361,249,5.229,96,173,0,0,
15.5256,0,25.44,249,5.23606,96,173,0,0,
15.5423,0,25.5556,256,5.24323,94,173,0,0,
15.559,0,26.04,256,5.25039,95,173,0,0,
15.5756,0,25.68,250,5.25749,92,174,0,0,
15.5922,0,25.32,250,5.26456,93,174,0,0,
15.609,0,25.4015,242,5.27163,94,174,0,0,
15.6256,0,25.68,247,5.2787,94,174,0,0,
15.6422,0,25.734,250,5.28577,94,174,0,0,
15.6588,0,25.56,265,5.29297,95,174,0,0,
15.6756,0,25.32,255,5.30016,94,175,0,0,
15.6922,0,24.72,236,5.30711,91,175,0,0,
15.7089,0,24.84,236,5.31403,91,174,0,0,
15.7256,0,25.08,222,5.32094,92,174,0,0,
15.7422,0,25.68,222,5.32799,93,174,0,0,
15.7588,0,25.3797,241,5.33503,93,174,0,0,
15.7755,0,26.64,241,5.34207,95,175,0,0,
15.7921,0,25.7565,258,5.34937,95,175,0,0,
15.8089,0,25.6892,255,5.35646,94,174,0,0,
15.8255,0,25.3361,226,5.3635,92,174,0,0,
15.8422,0,25.3361,239,5.37049,92,174,0,0,
15.8588,0,25.8,239,5.37762,94,174,0,0,
15.8755,0,25.5335,238,5.38462,92,174,0,0,
15.8921,0,25.44,238,5.39168,94,174,0,0,
15.9087,0,25.32,247,5.39882,94,174,0,0,
15.9254,0,25.5556,256,5.40587,94,174,0,0,
15.9421,0,25.8,251,5.41313,95,175,0,0,
15.9587,0,26.88,251,5.42032,95,175,0,0,
15.9754,0,26.04,251,5.42768,97,175,0,0,
15.9921,0,25.2,247,5.4348,93,175,0,0,
16.0087,0,26.28,247,5.44193,94,175,0,0,
16.0253,0,26.04,261,5.44919,96,175,0,0,
16.0421,0,25.68,251,5.45638,95,175,0,0,
16.0587,0,25.4234,235,5.46355,94,175,0,0,
16.0754,0,24.48,235,5.47065,94,175,0,0,
16.092,0,25.68,251,5.47766,94,176,0,0,
16.1086,0,25.5556,254,5.48474,94,175,0,0,
16.1253,0,25.44,254,5.49176,92,175,0,0,
16.1421,0,25.5335,243,5.49885,93,175,0,0,
16.1587,0,25.68,243,5.50608,96,175,0,0,
16.1753,0,25.8016,242,5.51318,94,175,0,0,
16.1919,0,24.6,241,5.52026,92,175,0,0,
16.2087,0,25.56,241,5.52721,94,175,0,0,
16.2253,0,25.92,253,5.5343,93,174,0,0,
16.242,0,25.68,253,5.54149,95,174,0,0,
16.2586,0,24.84,226,5.54865,93,174,0,0,
16.2753,0,24.5351,226,5.55549,90,175,0,0,
16.2919,0,24.84,220,5.56229,90,175,0,0,
16.3086,0,24.6,220,5.56908,90,175,0,0,
16.3253,0,24.8242,232,5.57598,91,174,0,0,
16.342,0,26.52,232,5.58335,98,174,0,0,
16.3586,0,26.28,280,5.59068,97,174,0,0,
16.3753,0,26.2377,253,5.59794,95,175,0,0,
16.3919,0,25.92,253,5.60516,95,174,0,0,
16.4085,0,25.8,250,5.61242,96,175,0,0,
16.4252,0,26.16,250,5.61965,96,175,0,0,
16.4419,0,26.0063,260,5.62685,94,175,0,0,
16.4585,0,26.52,260,5.63412,96,175,0,0,
16.4751,0,25.56,260,5.64136,96,175,0,0,
16.4918,0,25.68,250,5.64862,96,175,0,0,
16.5085,0,26.64,250,5.65585,96,175,0,0,
16.5252,0,26.04,260,5.66313,96,175,0,0,
16.5418,0,25.92,260,5.67042,95,175,0,0,
16.5585,0,25.32,243,5.67754,93,175,0,0,
16.5751,0,25.2,240,5.68463,92,176,0,0,
16.5918,0,25.08,240,5.69158,92,176,0,0,
16.6084,0,25.56,233,5.69862,93,175,0,0,
16.6251,0,25.56,233,5.70572,94,176,0,0,
16.6418,0,27,252,5.71283,97,176,0,0,
16.6584,0,26.16,276,5.72018,96,176,0,0,
16.6751,0,25.92,243,5.72741,96,176,0,0,
16.6917,0,26.52,250,5.73468,97,176,0,0,
16.7083,0,25.68,250,5.74193,94,176,0,0,
16.7251,0,25.32,261,5.74903,94,176,0,0,
16.7417,0,27,261,5.7563,97,177,0,0,
16.7584,0,26.64,251,5.76367,96,177,0,0,
16.775,0,25.92,262,5.77103,95,177,0,0,
16.7917,0,25.2,261,5.77817,93,177,0,0,
16.8084,0,25.32,239,5.78526,93,177,0,0,
16.8249,0,25.92,241,5.79233,95,177,0,0,
16.8416,0,27.12,245,5.79966,99,177,0,0,
16.8582,0,26.28,268,5.8072,98,177,0,0,
16.8749,0,25.56,299,5.8144,93,177,0,0,
16.8916,0,26.64,238,5.82167,95,177,0,0,
16.9083,0,25.44,253,5.82884,94,177,0,0,
16.9249,0,25.8,253,5.83584,93,176,0,0,
16.9416,0,25.68,239,5.84297,94,176,0,0,
16.9583,0,25.92,250,5.85001,95,176,0,0,
16.9749,0,25.92,257,5.85731,95,176,0,0,
16.9916,0,25.68,259,5.86449,95,176,0,0,
17.0083,0,25.8,236,5.87167,95,176,0,0,
17.0248,0,26.52,245,5.87887,96,176,0,0,
17.0415,0,26.28,245,5.88621,96,176,0,0,
17.0582,0,26.16,268,5.8935,96,176,0,0,
17.0748,0,25.44,255,5.90064,92,176,0,0,
17.0915,0,25.2,227,5.90768,93,177,0,0,
17.1082,0,24.48,231,5.91461,91,176,0,0,
17.1248,0,24.72,222,5.92143,89,176,0,0,
17.1415,0,26.28,236,5.92847,96,177,0,0,
17.1581,0,27.12,236,5.9358,98,177,0,0,
17.1748,0,26.64,271,5.94324,98,176,0,0,
17.1914,0,26.4,256,5.95058,97,177,0,0,
17.2081,0,25.32,254,5.9578,93,177,0,0,
17.2248,0,25.2,241,5.96482,93,177,0,0,
17.2414,0,25.4234,237,5.97186,94,177,0,0,
17.2581,0,25.44,237,5.97894,94,177,0,0,
17.2748,0,25.7116,240,5.98595,94,176,0,0,
17.2915,0,26.3314,251,5.99311,95,176,0,0,
17.3082,0,25.3797,237,6.00026,93,177,0,0,
17.3247,0,25.08,237,6.00732,92,177,0,0,
17.3414,0,25.2493,238,6.0143,93,177,0,0,
17.358,0,25.6,259,6.02141,95,177,0,0,
17.3747,0,24.96,232,6.02848,92,176,0,0,
17.3913,0,25.8,232,6.0356,95,176,0,0,
17.408,0,25.2,231,6.0427,93,176,0,0,
17.4247,0,26.64,244,6.04994,97,176,0,0,
17.4413,0,26.52,268,6.0573,97,176,0,0,
17.458,0,26.16,276,6.06469,99,176,0,0,
17.4746,0,26.28,246,6.07199,96,176,0,0,
17.4913,0,26.88,246,6.07937,99,177,0,0,
17.5079,0,25.68,283,6.08673,97,177,0,0,
17.5246,0,26.04,283,6.09399,96,177,0,0,
17.5413,0,26.4,252,6.10125,97,177,0,0,
17.558,0,26.76,251,6.10861,97,177,0,0,
17.5746,0,26.16,251,6.11593,96,177,0,0,
17.5912,0,26.52,264,6.12325,97,177,0,0,
17.6079,0,26.28,264,6.13061,97,177,0,0,
17.6245,0,26.16,250,6.13786,94,177,0,0,
17.6413,0,26.04,248,6.14507,95,178,0,0,
17.6579,0,26.64,267,6.15239,97,178,0,0,
17.6747,0,25.92,262,6.15971,96,178,0,0,
17.6912,0,25.92,240,6.16692,95,178,0,0,
17.7078,0,26.88,242,6.17424,97,178,0,0,
17.7247,0,27.48,242,6.18185,100,179,0,0,
17.7412,0,26.52,286,6.18933,95,179,0,0,
17.7578,0,25.56,225,6.19653,93,178,0,0,
17.7746,0,25.68,242,6.20364,95,179,0,0,
17.7911,0,26.16,249,6.21068,96,178,0,0,
17.8079,0,26.04,258,6.2179,96,179,0,0,
17.8245,0,25.8,253,6.22515,94,178,0,0,
17.8411,0,25.8,253,6.23232,95,179,0,0,
17.8578,0,25.32,236,6.23941,91,178,0,0,
17.8745,0,21.84,236,6.24575,80,178,0,0,
17.8911,0,21.48,187,6.25207,80,178,0,0,
17.9078,0,21.12,161,6.25797,76,178,0,0,
17.9244,0,24.36,144,6.26383,78,178,0,0,
17.9411,0,21.12,217,6.27033,82,178,0,0,
17.9578,0,23.1485,143,6.27596,73,178,0,0,
17.9744,0,15.72,86,6.28097,65,178,0,0,
17.991,0,15.48,86,6.28532,63,178,0,0,
18.0077,0,16.92,89,6.28979,61,177,0,0,
18.0243,0,17.04,117,6.29454,80,177,0,0,
18.041,0,17.76,113,6.29944,95,176,0,0,
18.0577,0,17.88,119,6.30441,92,176,0,0,
18.0743,0,17.64,119,6.30936,92,175,0,0,
18.091,0,17.76,120,6.31438,91,175,0,0,
18.1076,0,17.52,112,6.31932,91,174,0,0,
18.1243,0,17.88,111,6.32428,92,174,0,0,
18.141,0,18.48,111,6.3293,95,174,0,0,
18.1576,0,17.76,120,6.3344,92,174,0,0,
18.1744,0,17.76,120,6.33934,91,173,0,0,
18.1909,0,17.76,120,6.34421,91,173,0,0,
18.2076,0,17.64,120,6.34916,91,173,0,0,
18.2243,0,17.7926,115,6.35401,91,173,0,0,
18.2409,0,17.28,119,6.35892,89,173,0,0,
18.2576,0,17.64,107,6.36373,90,172,0,0,
18.2742,0,17.52,120,6.36865,92,172,0,0,
18.2909,0,17.64,120,6.37351,90,173,0,0,
18.3076,0,17.28,112,6.3784,89,172,0,0,
18.3242,0,17.04,112,6.3832,87,172,0,0,
18.3409,0,17.52,107,6.38797,88,172,0,0,
18.3575,0,17.04,114,6.3928,88,172,0,0,
18.3742,0,17.2061,105,6.39753,89,171,0,0,
18.3909,0,17.52,116,6.40243,90,171,0,0,
18.4075,0,17.64,116,6.40729,90,171,0,0,
18.4242,0,17.52,115,6.41218,91,171,0,0,
18.4409,0,17.76,115,6.41706,91,171,0,0,
18.4575,0,17.64,111,6.42193,89,170,0,0,
18.4742,0,17.28,117,6.42679,90,170,0,0,
18.4908,0,18.24,107,6.43167,91,170,0,0,
18.5075,0,17.52,121,6.4366,90,169,0,0,
18.5241,0,17.76,121,6.44146,89,169,0,0,
18.5409,0,17.88,115,6.4464,91,168,0,0,
18.5575,0,17.64,115,6.45133,91,168,0,0,
18.5741,0,17.64,115,6.45628,92,167,0,0,
18.5908,0,17.64,113,6.46124,91,167,0,0,
18.6075,0,17.88,127,6.46624,92,166,0,0,
18.6241,0,17.52,118,6.47121,91,166,0,0,
18.6407,0,18.12,121,6.4762,93,166,0,0,
18.6574,0,18,128,6.4812,93,166,0,0,
18.674,0,17.52,118,6.48616,89,166,0,0,
18.6907,0,18,122,6.49103,91,165,0,0,
18.7074,0,18.24,122,6.496,93,166,0,0,
18.724,0,17.88,118,6.50102,91,165,0,0,
18.7407,0,18,118,6.50598,91,165,0,0,
18.7573,0,17.88,118,6.51095,92,164,0,0,
18.774,0,18.36,118,6.51594,92,164,0,0,
18.7906,0,18.12,122,6.52098,93,163,0,0,
18.8073,0,18.84,131,6.52604,94,163,0,0,
18.824,0,18.36,132,6.5312,94,162,0,0,
18.8406,0,18.24,126,6.53627,93,162,0,0,
18.8573,0,17.76,126,6.54127,91,162,0,0,
18.8739,0,17.76,115,6.5462,91,162,0,0,
18.8906,0,18,115,6.55118,92,162,0,0,
18.9074,0,17.4,125,6.55611,91,162,0,0,
18.9239,0,17.88,116,6.56103,92,161,0,0,
18.9405,0,17.8518,121,6.56592,91,161,0,0,
18.9573,0,17.04,112,6.57084,90,160,0,0,
18.9739,0,17.88,112,6.57572,92,160,0,0,
18.9905,0,17.88,122,6.58071,92,159,0,0,
19.0072,0,17.76,123,6.58568,91,159,0,0,
19.0238,0,17.76,123,6.59061,91,158,0,0,
19.0405,0,17.16,111,6.59549,89,158,0,0,
19.0572,0,17.4092,116,6.60027,89,158,0,0,
19.0738,0,17.28,106,6.60508,89,158,0,0,
19.0906,0,17.64,106,6.60992,91,158,0,0,
19.1072,0,17.4,116,6.61481,90,157,0,0,
19.1239,0,17.64,116,6.61969,91,157,0,0,
19.1406,0,17.67,117,6.62456,90,156,0,0,
19.1572,0,17.52,118,6.62948,90,156,0,0,
19.1738,0,18,109,6.63432,90,156,0,0,
19.1904,0,17.52,125,6.63927,91,156,0,0,
19.2071,0,18,115,6.64423,92,156,0,0,
19.2237,0,17.28,123,6.64917,91,157,0,0,
19.2405,0,17.64,108,6.65412,91,156,0,0,
19.2571,0,17.7872,126,6.65907,92,156,0,0,
19.2737,0,18.0264,115,6.66405,91,156,0,0,
19.2904,0,17.4,120,6.66894,90,156,0,0,
19.3071,0,17.88,120,6.67387,91,156,0,0,
19.3238,0,18.36,123,6.67881,92,155,0,0,
19.3416,0,18.0264,118,6.68381,90,155,0,0,
19.357,0,17.5962,119,6.68869,89,154,0,0,
19.3737,0,17.76,115,6.69354,89,154,0,0,
19.3903,0,17.52,115,6.69847,90,153,0,0,
19.4072,0,17.6806,119,6.70336,91,153,0,0,
19.4237,0,17.88,119,6.70827,90,153,0,0,
19.4403,0,17.4,118,6.71317,90,153,0,0,
19.457,0,17.2665,108,6.71798,88,153,0,0,
19.4737,0,17.52,123,6.72287,90,153,0,0,
19.4903,0,17.76,117,6.72778,91,152,0,0,
19.507,0,17.8302,121,6.73269,90,152,0,0,
19.5236,0,17.88,118,6.73762,92,152,0,0,
19.5403,0,17.52,118,6.74257,90,151,0,0,
19.557,0,17.52,117,6.74745,90,150,0,0,
19.5736,0,17.04,119,6.75226,89,150,0,0,
19.5903,0,17.2463,110,6.75705,88,149,0,0,
19.6069,0,17.6172,119,6.7619,90,148,0,0,
19.6236,0,17.3887,112,6.76678,91,148,0,0,
19.6402,0,17.7444,120,6.77163,91,147,0,0,
19.6569,0,17.28,120,6.77647,89,147,0,0,
19.6736,0,17.4,115,6.78135,89,146,0,0,
19.6903,0,18.12,115,6.78616,90,146,0,0,
19.7069,0,17.04,117,6.7911,89,146,0,0,
19.7235,0,17.4,114,6.7959,91,147,0,0,
19.7402,0,16.92,117,6.80076,89,147,0,0,
19.7568,0,17.6172,112,6.80554,90,148,0,0,
19.7735,0,17.52,112,6.81045,91,149,0,0,
19.7901,0,17.16,114,6.81537,89,149,0,0,
19.8068,0,17.04,117,6.82015,88,149,0,0,
19.8234,0,17.28,112,6.82495,89,150,0,0,
19.8402,0,17.4,120,6.82977,89,150,0,0,
19.8568,0,17.3274,110,6.83457,89,149,0,0,
19.8735,0,17.76,123,6.83944,90,149,0,0,
19.8901,0,17.64,115,6.84433,90,149,0,0,
19.9068,0,17.4,118,6.8492,90,148,0,0,
19.9234,0,18,112,6.85399,90,147,0,0,
19.9401,0,17.88,124,6.85892,91,147,0,0,
19.9568,0,17.52,124,6.86387,93,147,0,0,
19.9734,0,17.7765,120,6.86878,89,147,0,0,
19.99,0,18.12,120,6.8737,93,147,0,0,
20.0069,0,17.88,125,6.87869,91,147,0,0,
20.0235,0,17.76,125,6.88365,91,147,0,0,
20.0401,0,17.9169,124,6.88859,91,147,0,0,
20.0567,0,16.8,125,6.89353,90,147,0,0,
20.0734,0,17.88,125,6.89832,90,148,0,0,
20.0901,0,16.92,118,6.90318,90,148,0,0,
20.1068,0,17.52,118,6.90798,90,148,0,0,
20.1233,0,17.5126,117,6.91278,90,148,0,0,
20.14,0,17.4,117,6.91765,90,147,0,0,
20.1566,0,17.88,119,6.92246,90,147,0,0,
20.1733,0,17.5752,114,6.92736,90,147,0,0,
20.1899,0,17.4,114,6.93217,89,147,0,0,
20.2066,0,16.68,106,6.93695,87,146,0,0,
20.2233,0,17.88,106,6.94188,91,146,0,0,
20.2399,0,17.52,123,6.94681,91,146,0,0,
20.2566,0,17.28,123,6.95168,89,146,0,0,
20.2732,0,17.28,117,6.95649,89,146,0,0,
20.2899,0,17.2463,123,6.96132,89,145,0,0,
20.3065,0,17.28,123,6.96616,88,145,0,0,
20.3233,0,16.92,117,6.97099,87,145,0,0,
20.3399,0,17.76,117,6.97574,89,145,0,0,
20.3565,0,17.64,117,6.98057,89,145,0,0,
20.3732,0,18.12,117,6.98553,91,145,0,0,
20.3899,0,17.88,117,6.99053,91,145,0,0,
20.4066,0,17.64,123,6.99545,91,145,0,0,
20.4232,0,17.4,115,7.0003,89,145,0,0,
20.4398,0,17.52,119,7.00507,89,144,0,0,
20.4565,0,17.16,120,7.00992,90,144,0,0,
20.4731,0,16.68,109,7.01474,88,144,0,0,
20.4898,0,17.64,109,7.01959,88,143,0,0,
20.5064,0,17.64,119,7.02443,91,143,0,0,
20.5232,0,17.04,119,7.0293,89,143,0,0,
20.5399,0,17.4918,116,7.0341,89,143,0,0,
20.5564,0,17.52,116,7.03895,90,143,0,0,
20.5731,0,17.6067,118,7.04382,90,143,0,0,
20.5897,0,17.5543,122,7.04867,90,143,0,0,
20.6064,0,17.3274,112,7.05347,89,143,0,0,
20.6231,0,17.186,118,7.05822,88,143,0,0,
20.6397,0,17.64,118,7.06305,91,143,0,0,
20.6564,0,17.2665,119,7.06792,88,143,0,0,
20.673,0,17.28,119,7.07276,89,143,0,0,
20.6898,0,17.4092,118,7.07757,89,143,0,0,
20.7064,0,17.1063,107,7.08235,86,142,0,0,
20.723,0,16.92,118,7.08706,87,142,0,0,
20.7397,0,17.3274,112,7.09181,89,142,0,0,
20.7563,0,17.4,112,7.09664,89,142,0,0,
20.7731,0,17.04,111,7.10144,87,143,0,0,
20.7896,0,16.92,111,7.10617,87,143,0,0,
20.8063,0,17.0371,113,7.11085,86,143,0,0,
20.8229,0,16.8,113,7.11559,87,142,0,0,
20.8397,0,16.8811,112,7.12028,87,142,0,0,
20.8563,0,16.949,103,7.12491,86,142,0,0,
20.873,0,16.68,103,7.1296,86,142,0,0,
20.8896,0,17.0469,105,7.13423,86,142,0,0,
20.9062,0,16.68,105,7.13889,86,143,0,0,
20.923,0,16.6241,112,7.14353,86,143,0,0,
20.9396,0,16.92,112,7.14824,89,143,0,0,
20.9563,0,17.2564,117,7.15298,89,143,0,0,
20.9729,0,17.88,126,7.15776,90,142,0,0,
20.9895,0,17.7231,116,7.16271,90,142,0,0,
21.0063,0,17.7018,123,7.16759,89,142,0,0,
21.0229,0,17.146,111,7.17241,88,142,0,0,
21.0395,0,17.7231,127,7.17719,90,141,0,0,
21.0562,0,17.6172,116,7.18203,90,141,0,0,
21.0728,0,17.4092,123,7.18692,89,142,0,0,
21.0895,0,17.4504,113,7.19173,90,142,0,0,
21.1062,0,17.0469,122,7.19656,88,141,0,0,
21.1229,0,16.92,122,7.20123,86,141,0,0,
21.1395,0,17.0174,116,7.20598,89,141,0,0,
21.1562,0,17.52,116,7.21075,89,141,0,0,
21.1728,0,17.4298,117,7.21559,88,142,0,0,
21.1894,0,17.166,113,7.22036,87,142,0,0,
21.2062,0,17.4,113,7.22516,90,142,0,0,
21.2228,0,17.2362,117,7.22994,88,142,0,0,
21.2394,0,16.8,117,7.23469,89,143,0,0,
21.2561,0,17.2262,116,7.23944,87,143,0,0,
21.2728,0,17.28,110,7.24414,86,143,0,0,
21.2894,0,16.44,110,7.24893,88,143,0,0,
21.3061,0,16.8907,103,7.25349,88,142,0,0,
21.3227,0,16.68,103,7.25814,86,142,0,0,
21.3394,0,17.16,109,7.26274,85,142,0,0,
21.356,0,17.28,115,7.26747,88,142,0,0,
21.3728,0,17.2262,113,7.27221,88,142,0,0,
21.3893,0,17.2463,123,7.27696,89,142,0,0,
21.4061,0,16.9295,111,7.28174,87,141,0,0,
21.4227,0,16.7373,106,7.28628,82,141,0,0,
21.4393,0,16.8,106,7.29086,86,141,0,0,
21.4561,0,17.4298,121,7.29554,89,141,0,0,
21.4726,0,17.16,121,7.30038,88,141,0,0,
21.4893,0,17.0273,112,7.30506,86,141,0,0,
21.506,0,17.1261,116,7.30977,87,140,0,0,
21.5226,0,17.3478,112,7.31451,88,140,0,0,
21.5393,0,16.9101,118,7.31923,88,140,0,0,
21.5559,0,17.04,118,7.32398,88,140,0,0,
21.5727,0,16.8521,120,7.32874,87,140,0,0,
21.5892,0,16.92,120,7.33343,86,140,0,0,
21.6059,0,17.0765,119,7.33818,89,140,0,0,
21.6226,0,16.8,119,7.34303,89,141,0,0,
21.6393,0,17.2868,117,7.34782,88,141,0,0,
21.6559,0,17.0273,113,7.35252,87,141,0,0,
21.6726,0,16.56,117,7.35726,85,142,0,0,
21.6892,0,16.7945,109,7.36188,87,142,0,0,
21.7059,0,16.44,109,7.36648,84,142,0,0,
21.7225,0,16.5495,107,7.37107,84,142,0,0,
21.7392,0,18.72,102,7.37586,92,143,0,0,
21.7558,0,19.2,141,7.38102,97,142,0,0,
21.7726,0,21.12,155,7.38654,78,142,0,0,
21.7892,0,24.24,155,7.39298,83,142,0,0,
21.8058,0,21.48,206,7.39917,82,142,0,0,
21.8226,0,22.08,206,7.4052,84,142,0,0,
21.8391,0,22.3927,207,7.41151,88,142,0,0,
21.8558,0,23.64,219,7.418,90,142,0,0,
21.8724,0,24.12,232,7.42458,92,142,0,0,
21.8891,0,24.72,230,7.43127,92,142,0,0,
21.9057,0,25.08,240,7.43819,96,143,0,0,
21.9225,0,24.84,245,7.44512,95,143,0,0,
21.9392,0,24.96,245,7.45198,94,144,0,0,
21.9557,0,24.48,258,7.45885,93,144,0,0,
21.9724,0,24,258,7.46562,93,145,0,0,
21.9891,0,24,240,7.47237,92,146,0,0,
22.0057,0,24.12,231,7.47913,92,146,0,0,
22.0223,0,24.96,238,7.4859,94,147,0,0,
22.039,0,24.72,231,7.49273,94,147,0,0,
22.0557,0,25.56,231,7.49963,96,148,0,0,
22.0723,0,24.9503,267,7.5066,98,149,0,0,
22.089,0,24.96,267,7.51359,96,150,0,0,
22.1056,0,25.08,252,7.52054,96,150,0,0,
22.1223,0,25.44,248,7.52757,97,151,0,0,
22.1391,0,25.68,273,7.53465,96,151,0,0,
22.1556,0,25.2062,270,7.54168,96,152,0,0,
22.1723,0,24.72,229,7.54859,93,152,0,0,
22.189,0,25.32,249,7.55552,97,153,0,0,
22.2056,0,24.72,249,7.5625,94,154,0,0,
22.2222,0,24.84,258,7.56943,95,154,0,0,
22.239,0,24.24,248,7.57629,94,155,0,0,
22.2556,0,24.6,233,7.58312,94,155,0,0,
22.2723,0,25.56,234,7.59005,97,156,0,0,
22.2889,0,24.96,267,7.59707,96,156,0,0,
22.3056,0,25.32,263,7.60405,97,157,0,0,
22.3222,0,25.32,261,7.61104,95,158,0,0,
22.3388,0,24.6,236,7.618,96,158,0,0,
22.3556,0,24.72,236,7.62487,96,159,0,0,
22.3723,0,24.12,251,7.63181,92,159,0,0,
22.3888,0,23.52,251,7.63832,85,159,0,0,
22.4056,0,24.12,221,7.64512,86,159,0,0,
22.4223,0,24.72,236,7.65196,83,160,0,0,
22.4389,0,24.6582,254,7.65881,78,160,0,0,
22.4555,0,26.16,275,7.66588,81,160,0,0,
22.4721,0,25.8695,257,7.67304,82,160,0,0,
22.4888,0,24.48,243,7.68001,78,160,0,0,
22.5054,0,26.04,243,7.68706,80,160,0,0,
22.5221,0,25.08,266,7.69418,80,161,0,0,
22.5388,0,25.2,243,7.70123,79,161,0,0,
22.5554,0,25.68,275,7.70824,81,161,0,0,
22.5721,0,24.48,248,7.71526,77,162,0,0,
22.5888,0,23.88,219,7.72204,77,162,0,0,
22.6054,0,24.48,251,7.7287,76,162,0,0,
22.6221,0,24.6,251,7.73551,76,162,0,0,
22.6387,0,25.2,238,7.74242,79,163,0,0,
22.6554,0,25.2,238,7.74949,80,163,0,0,
22.672,0,25.44,249,7.75647,80,163,0,0,
22.6887,0,25.08,257,7.76349,80,163,0,0,
22.7053,0,25.8,270,7.77054,81,164,0,0,
22.722,0,25.32,257,7.77763,80,164,0,0,
22.7387,0,25.32,257,7.7846,79,164,0,0,
22.7553,0,25.271,254,7.7916,79,164,0,0,
22.772,0,25.56,254,7.79865,80,165,0,0,
22.7887,0,24.6,236,7.80554,77,165,0,0,
22.8054,0,24.72,255,7.81239,78,166,0,0,
22.822,0,24.6,235,7.81926,78,166,0,0,
22.8386,0,24.84,254,7.82624,80,166,0,0,
22.8553,0,25.2,252,7.83321,80,166,0,0,
22.872,0,25.56,243,7.84027,81,167,0,0,
22.8886,0,25.2,261,7.84734,79,167,0,0,
22.9053,0,25.32,258,7.85434,79,168,0,0,
22.922,0,24.96,258,7.8613,79,168,0,0,
22.9386,0,24.84,240,7.86828,78,168,0,0,
22.9553,0,26.04,240,7.87559,82,168,0,0,
22.9719,0,25.68,265,7.88273,81,168,0,0,
22.9885,0,25.32,246,7.88979,80,169,0,0,
23.0052,0,25.2,263,7.89681,79,169,0,0,
23.022,0,24.84,253,7.90381,82,169,0,0,
23.0385,0,24.48,237,7.91073,86,169,0,0,
23.0552,0,24.12,239,7.91752,86,169,0,0,
23.0718,0,25.2,239,7.92455,89,169,0,0,
23.0886,0,24.6,249,7.93147,88,169,0,0,
23.1051,0,25.08,242,7.93834,87,169,0,0,
23.1218,0,24.96,257,7.94533,87,169,0,0,
23.1385,0,25.44,241,7.95232,89,169,0,0,
23.1551,0,25.3361,257,7.95927,87,170,0,0,
23.1719,0,25.08,246,7.96629,88,170,0,0,
23.1885,0,25.32,246,7.97325,88,170,0,0,
23.2051,0,25.08,252,7.98026,87,170,0,0,
23.2218,0,25.32,250,7.98727,90,170,0,0,
23.2385,0,25.44,257,7.99441,89,170,0,0,
23.2551,0,24.96,251,8.00142,88,171,0,0,
23.2717,0,25.68,245,8.00843,89,171,0,0,
23.2885,0,25.8,265,8.01559,90,171,0,0,
23.3051,0,25.44,265,8.02275,88,171,0,0,
23.3218,0,25.08,245,8.0297,84,171,0,0,
23.3383,0,25.08,245,8.03666,88,171,0,0,
23.355,0,24.84,241,8.04357,87,172,0,0,
23.3717,0,25.56,228,8.05052,89,172,0,0,
23.3883,0,26.28,265,8.05771,90,172,0,0,
23.4051,0,25.92,273,8.06494,91,173,0,0,
23.4217,0,26.04,268,8.07215,90,173,0,0,
23.4384,0,25.68,261,8.07933,90,173,0,0,
23.455,0,25.44,260,8.08646,89,173,0,0,
23.4716,0,25.44,254,8.09354,88,173,0,0,
23.4883,0,25.32,233,8.10056,87,173,0,0,
23.505,0,24.96,251,8.10759,88,173,0,0,
23.5217,0,24.84,251,8.1145,95,173,0,0,
23.5383,0,24.36,249,8.12144,95,172,0,0,
23.555,0,24.96,240,8.12827,94,173,0,0,
23.5716,0,25.32,226,8.13522,96,172,0,0,
23.5883,0,25.32,238,8.14218,96,173,0,0,
23.605,0,25.2926,256,8.14921,96,173,0,0,
23.6215,0,25.035,258,8.1562,95,173,0,0,
23.6383,0,23.76,258,8.16326,99,173,0,0,
23.6549,0,20.76,216,8.16966,89,173,0,0,
23.6715,0,18.24,216,8.17505,99,173,0,0,
23.6882,0,25.68,161,8.18087,86,173,0,0,
23.7049,0,26.04,271,8.18807,95,173,0,0,
23.7216,0,26.28,271,8.19531,96,173,0,0,
23.7383,0,26.76,270,8.20264,98,173,0,0,
23.7548,0,26.04,270,8.20995,96,172,0,0,
23.7715,0,25.32,253,8.21694,103,172,0,0,
23.7882,0,24.96,253,8.22395,105,172,0,0,
23.8049,0,24.72,241,8.23089,103,172,0,0,
23.8215,0,24.8242,232,8.23777,103,172,0,0,
23.8381,0,25.08,265,8.2448,104,172,0,0,
23.8549,0,24.96,225,8.25178,105,173,0,0,
23.8714,0,25.0776,249,8.25864,102,173,0,0,
23.8881,0,25.32,237,8.26555,104,173,0,0,
23.9047,0,25.08,237,8.27257,105,173,0,0,
23.9214,0,24.6,235,8.2795,103,173,0,0,
23.9381,0,26.52,252,8.28645,108,173,0,0,
23.9548,0,26.76,271,8.29383,111,174,0,0,
23.9715,0,25.68,290,8.30114,109,174,0,0,
23.9881,0,25.734,230,8.30811,104,174,0,0,
24.0047,0,23.16,239,8.31506,104,174,0,0,
24.0213,0,22.32,166,8.32131,98,174,0,0,
24.038,0,23.52,202,8.32773,80,174,0,0,
24.0547,0,20.88,185,8.33381,81,174,0,0,
24.0713,0,23.28,173,8.34001,77,174,0,0,
24.088,0,24,173,8.3467,84,174,0,0,
24.1047,0,24.36,226,8.35334,84,174,0,0,
24.1214,0,23.16,222,8.36008,84,175,0,0,
24.138,0,23.5177,210,8.36669,76,174,0,0,
24.1547,0,25.92,236,8.37344,79,174,0,0,
24.1713,0,25.2926,264,8.38061,83,174,0,0,
24.1881,0,25.56,271,8.38771,81,174,0,0,
24.2046,0,25.2,271,8.39473,80,174,0,0,
24.2213,0,25.68,238,8.40176,80,173,0,0,
24.2379,0,25.92,269,8.40877,80,173,0,0,
24.2546,0,25.32,242,8.41586,81,173,0,0,
24.2713,0,25.92,231,8.42291,80,173,0,0,
24.288,0,25.5556,279,8.43011,82,174,0,0,
24.3045,0,22.44,240,8.43722,81,174,0,0,
24.3213,0,26.52,240,8.44408,69,173,0,0,
24.3378,0,28.8,265,8.45158,78,173,0,0,
24.3546,0,27.24,265,8.45929,79,173,0,0,
24.3712,0,27.4592,287,8.46674,75,173,0,0,
24.3878,0,26.88,270,8.47423,78,174,0,0,
24.4045,0,27.1558,288,8.48168,75,174,0,0,
24.4212,0,26.64,267,8.4892,76,174,0,0,
24.4378,0,28.2,267,8.4967,75,173,0,0,
24.4545,0,27.72,291,8.50439,78,174,0,0,
24.4713,0,26.64,291,8.51213,78,174,0,0,
24.4878,0,27.5104,289,8.51971,76,174,0,0,
24.5045,0,27.96,272,8.52733,77,174,0,0,
24.5211,0,27.6135,293,8.53497,76,174,0,0,
24.5379,0,26.713,273,8.54259,76,175,0,0,
24.5544,0,26.52,273,8.54996,75,174,0,0,
24.5711,0,26.5447,267,8.55736,75,175,0,0,
24.5878,0,26.52,267,8.56481,76,175,0,0,
24.6044,0,26.76,277,8.57215,75,175,0,0,
24.6211,0,26.4,259,8.57957,75,175,0,0,
24.6377,0,26.28,281,8.58698,75,175,0,0,
24.6544,0,26.28,246,8.59434,75,175,0,0,
24.6712,0,26.6647,296,8.60174,75,175,0,0,
24.6877,0,26.4,247,8.60909,74,176,0,0,
24.7043,0,27,280,8.61644,75,176,0,0,
24.721,0,26.64,264,8.62392,77,176,0,0,
24.7377,0,26.64,264,8.63137,76,176,0,0,
24.7544,0,26.52,259,8.63879,75,176,0,0,
24.7711,0,26.88,259,8.64619,75,176,0,0,
24.7876,0,28.92,281,8.65367,77,176,0,0,
24.8043,0,27.96,307,8.66159,81,176,0,0,
24.821,0,26.28,285,8.66906,75,176,0,0,
24.8377,0,26.28,244,8.67639,74,176,0,0,
24.8543,0,27.24,244,8.68396,76,175,0,0,
24.8709,0,28.1943,291,8.6916,79,176,0,0,
24.8877,0,27.24,291,8.69939,77,176,0,0,
24.9042,0,27.2814,281,8.70696,76,176,0,0,
24.921,0,26.76,257,8.71448,75,176,0,0,
24.9377,0,26.0984,261,8.72175,75,176,0,0,
24.9542,0,26.4258,260,8.72916,77,176,0,0,
24.971,0,27.6653,316,8.73667,78,176,0,0,
24.9875,0,27.8745,277,8.74436,79,176,0,0,
25.0042,0,26.76,277,8.7519,75,176,0,0,
25.0209,0,27.6,280,8.75942,77,176,0,0,
25.0375,0,26.908,259,8.76691,75,176,0,0,
25.0543,0,26.6647,270,8.77431,76,176,0,0,
25.0709,0,25.8,234,8.78155,71,176,0,0,
25.0875,0,26.0063,232,8.78861,74,176,0,0,
25.1041,0,25.2062,245,8.79583,63,176,0,0,
25.1208,0,27,245,8.80303,66,177,0,0,
25.1375,0,26.16,273,8.81051,67,177,0,0,
25.1541,0,25.8,273,8.81762,65,177,0,0,
25.1708,0,26.64,241,8.82488,65,177,0,0,
25.1875,0,27.0561,282,8.8323,65,178,0,0,
25.2041,0,27.1558,277,8.83982,58,178,0,0,
25.2207,0,28.44,277,8.84724,58,178,0,0,
25.2374,0,27.0066,282,8.85503,58,178,0,0,
25.2542,0,27.24,282,8.8628,59,178,0,0,
25.2707,0,28.1943,291,8.87049,60,178,0,0,
25.2874,0,27.8219,295,8.87845,60,179,0,0,
25.3041,0,26.4,295,8.886,60,179,0,0,
25.3208,0,28.2483,308,8.89369,60,179,0,0,
25.3374,0,26.88,308,8.90123,60,179,0,0,
25.3541,0,27.2814,267,8.90884,58,179,0,0,
25.3708,0,27.2059,292,8.91645,58,180,0,0,
25.3874,0,26.4,287,8.92412,60,180,0,0,
25.4041,0,27.72,278,8.93168,59,180,0,0,
25.4207,0,28.32,278,8.93936,60,181,0,0,
25.4374,0,28.32,298,8.94715,61,181,0,0,
25.454,0,27.48,298,8.95488,59,181,0,0,
25.4707,0,27.8219,283,8.96247,59,181,0,0,
25.4873,0,27.6,283,8.9702,60,180,0,0,
25.5039,0,27.84,278,8.97774,59,181,0,0,
25.5206,0,27.5619,293,8.98535,59,181,0,0,
25.5373,0,27.6,293,8.99327,60,180,0,0,
25.5539,0,27,291,9.00085,59,180,0,0,
25.5706,0,26.76,266,9.00837,58,180,0,0,
25.5873,0,27.3067,280,9.01598,59,181,0,0,
25.6039,0,27.48,280,9.02361,59,181,0,0,
25.6205,0,27.9273,295,9.03141,60,181,0,0,
25.6372,0,28.9129,310,9.03931,62,181,0,0,
25.6539,0,28.8,310,9.04722,61,181,0,0,
25.6706,0,27.3573,272,9.05487,59,181,0,0,
25.6872,0,28.8,272,9.06257,59,181,0,0,
25.7038,0,27.6,272,9.07052,62,181,0,0,
25.7205,0,27.48,304,9.07829,61,181,0,0,
25.7372,0,26.04,260,9.08563,58,181,0,0,
25.7538,0,19.8,173,9.09246,53,181,0,0,
25.7705,0,17.28,173,9.09772,43,181,0,0,
25.7871,0,17.52,111,9.10259,45,181,0,0,
25.8038,0,17.7018,104,9.1074,58,180,0,0,
25.8205,0,16.6054,99,9.11209,75,180,0,0,
25.8372,0,18.24,131,9.11703,85,180,0,0,
25.8538,0,18.36,131,9.12216,85,180,0,0,
25.8704,0,18.36,119,9.12728,85,179,0,0,
25.8871,0,18,119,9.13233,85,179,0,0,
25.9038,0,18.24,112,9.13739,84,179,0,0,
25.9204,0,17.8626,113,9.14237,89,178,0,0,
25.9371,0,18.1373,128,9.14734,93,178,0,0,
25.9537,0,17.88,128,9.15233,91,177,0,0,
25.9704,0,17.8087,117,9.15729,91,177,0,0,
25.987,0,17.28,117,9.16216,90,177,0,0,
26.0038,0,17.3887,110,9.167,89,177,0,0,
26.0204,0,17.64,110,9.1718,91,176,0,0,
26.037,0,17.4711,111,9.1767,89,176,0,0,
26.0537,0,17.52,117,9.18152,90,176,0,0,
26.0704,0,17.76,117,9.18637,90,176,0,0,
26.087,0,17.52,112,9.19121,90,176,0,0,
26.1037,0,17.4,112,9.196,89,176,0,0,
26.1203,0,17.64,111,9.20091,91,175,0,0,
26.1371,0,17.28,119,9.20573,91,175,0,0,
26.1537,0,17.28,119,9.21053,89,175,0,0,
26.1704,0,18.12,113,9.21538,90,175,0,0,
26.1869,0,17.88,113,9.2202,91,175,0,0,
26.2036,0,17.4,112,9.2251,90,175,0,0,
26.2203,0,16.92,109,9.22988,88,174,0,0,
26.237,0,17.4,109,9.23466,89,174,0,0,
26.2537,0,17.76,111,9.23951,91,174,0,0,
26.2703,0,17.28,111,9.24439,89,174,0,0,
26.287,0,17.52,115,9.24924,90,174,0,0,
26.3036,0,17.76,115,9.25415,90,174,0,0,
26.3203,0,17.28,115,9.25902,88,173,0,0,
26.3368,0,17.16,108,9.26379,89,173,0,0,
26.3536,0,17.76,112,9.26862,90,173,0,0,
26.3702,0,17.76,114,9.27348,91,173,0,0,
26.3869,0,17.16,114,9.2784,89,172,0,0,
26.4035,0,17.88,114,9.28327,90,172,0,0,
26.4203,0,17.88,112,9.28812,91,171,0,0,
26.4369,0,17.88,119,9.29303,91,171,0,0,
26.4535,0,17.4,115,9.29789,89,170,0,0,
26.4702,0,16.8,116,9.3027,87,170,0,0,
26.4868,0,17.04,116,9.30741,87,169,0,0,
26.5035,0,17.16,111,9.31234,91,169,0,0,
26.5202,0,17.4,112,9.31723,88,168,0,0,
26.5368,0,16.44,114,9.32192,88,168,0,0,
26.5535,0,17.76,108,9.3267,88,168,0,0,
26.5701,0,17.28,116,9.33154,89,168,0,0,
26.5867,0,18.24,109,9.33652,91,168,0,0,
26.6034,0,17.4,109,9.34142,89,167,0,0,
26.6201,0,18,116,9.34635,92,167,0,0,
26.6367,0,17.52,122,9.35128,91,167,0,0,
26.6534,0,17.4,110,9.35622,90,167,0,0,
26.67,0,17.28,121,9.36107,89,166,0,0,
26.6868,0,18,112,9.36589,90,166,0,0,
26.7034,0,17.28,117,9.37078,89,166,0,0,
26.72,0,17.52,117,9.37555,90,165,0,0,
26.7367,0,17.16,113,9.38041,91,165,0,0,
26.7534,0,17.88,109,9.3854,91,164,0,0,
26.77,0,17.04,123,9.39028,90,163,0,0,
26.7867,0,17.28,112,9.39511,89,163,0,0,
26.8033,0,17.28,111,9.39987,89,162,0,0,
26.8199,0,17.16,113,9.40469,88,162,0,0,
26.8366,0,17.88,113,9.40953,90,161,0,0,
26.8533,0,17.64,114,9.41449,91,161,0,0,
26.8699,0,18,114,9.41935,91,161,0,0,
26.8866,0,17.16,123,9.42424,91,160,0,0,
26.9032,0,17.64,118,9.42913,90,160,0,0,
26.92,0,17.52,117,9.434,90,159,0,0,
26.9367,0,17.6172,117,9.43888,90,159,0,0,
26.9532,0,17.3478,110,9.4437,90,158,0,0,
26.9699,0,17.16,120,9.44853,90,158,0,0,
26.9866,0,17.4,116,9.45333,89,157,0,0,
27.0032,0,17.04,113,9.45815,89,157,0,0,
27.0199,0,17.28,115,9.46292,89,157,0,0,
27.0366,0,17.4,111,9.46776,91,157,0,0,
27.0532,0,17.16,119,9.47261,89,157,0,0,
27.0699,0,17.4,111,9.4774,89,156,0,0,
27.0865,0,17.64,111,9.48228,91,156,0,0,
27.1031,0,17.76,119,9.48717,91,156,0,0,
27.1198,0,17.76,119,9.49199,89,156,0,0,
27.1365,0,17.04,119,9.4968,89,155,0,0,
27.1531,0,17.28,112,9.50158,88,155,0,0,
27.1699,0,17.16,112,9.50649,90,155,0,0,
27.1864,0,17.4,118,9.51131,90,154,0,0,
27.2031,0,17.64,118,9.5162,90,154,0,0,
27.2197,0,17.4,116,9.52102,89,154,0,0,
27.2364,0,17.52,112,9.52588,89,154,0,0,
27.2532,0,17.2665,112,9.53063,88,153,0,0,
27.2698,0,17.16,113,9.53541,88,153,0,0,
27.2864,0,17.28,113,9.54019,88,153,0,0,
27.303,0,17.3172,114,9.54499,88,152,0,0,
27.3197,0,17.04,114,9.54978,89,152,0,0,
27.3364,0,17.88,110,9.55458,90,151,0,0,
27.353,0,17.4,119,9.55945,88,151,0,0,
27.3697,0,17.04,114,9.56427,88,151,0,0,
27.3863,0,17.04,112,9.56907,88,151,0,0,
27.403,0,17.3682,117,9.57385,90,151,0,0,
27.4197,0,17.64,114,9.57872,90,150,0,0,
27.4363,0,17.16,114,9.5837,92,150,0,0,
27.453,0,17.88,126,9.58857,90,150,0,0,
27.4696,0,17.28,119,9.59348,90,151,0,0,
27.4863,0,17.52,120,9.59836,89,151,0,0,
27.5031,0,17.76,111,9.6032,89,151,0,0,
27.5196,0,17.16,125,9.60809,89,152,0,0,
27.5363,0,17.4,112,9.61283,88,151,0,0,
27.553,0,16.8,112,9.61761,89,151,0,0,
27.5696,0,17.4,113,9.62237,89,151,0,0,
27.5862,0,17.4,112,9.62714,88,151,0,0,
27.603,0,17.16,115,9.63196,88,150,0,0,
27.6197,0,17.04,110,9.63674,88,150,0,0,
27.6363,0,17.16,116,9.64153,89,149,0,0,
27.6529,0,17.4,117,9.64633,90,149,0,0,
27.6695,0,17.04,122,9.65123,90,149,0,0,
27.6862,0,17.52,119,9.65606,90,148,0,0,
27.7029,0,17.16,119,9.66091,89,148,0,0,
27.7196,0,17.5126,117,9.66573,89,149,0,0,
27.7363,0,17.4,117,9.67057,89,149,0,0,
27.7528,0,17.4,119,9.67543,89,148,0,0,
27.7696,0,18.36,117,9.68034,93,148,0,0,
27.7862,0,17.88,137,9.68534,92,148,0,0,
27.8028,0,18,117,9.6903,91,148,0,0,
27.8194,0,17.7872,120,9.69519,89,148,0,0,
27.8362,0,18,118,9.70013,90,147,0,0,
27.8529,0,17.04,118,9.70505,90,147,0,0,
27.8695,0,17.88,120,9.70995,91,147,0,0,
27.8862,0,17.64,120,9.71488,91,147,0,0,
27.9028,0,17.16,121,9.71978,91,147,0,0,
27.9194,0,17.52,121,9.72459,90,147,0,0,
27.9362,0,17.4,117,9.72945,90,147,0,0,
27.9528,0,17.4,122,9.73435,90,147,0,0,
27.9694,0,17.76,122,9.73925,92,147,0,0,
27.986,0,17.6277,118,9.74414,90,148,0,0,
28.0027,0,17.76,118,9.74907,91,147,0,0,
28.0194,0,18,124,9.75401,93,147,0,0,
28.0361,0,18.24,126,9.75895,90,147,0,0,
28.0527,0,18,131,9.76392,92,147,0,0,
28.0693,0,17.76,130,9.76891,91,147,0,0,
28.086,0,17.88,130,9.77374,90,146,0,0,
28.1027,0,17.4,120,9.77865,91,146,0,0,
28.1194,0,17.52,120,9.7835,90,147,0,0,
28.136,0,17.5438,120,9.78839,91,146,0,0,
28.1526,0,17.76,120,9.79334,91,147,0,0,
28.1694,0,17.8843,122,9.79822,90,146,0,0,
28.186,0,17.16,110,9.80307,89,147,0,0,
28.2027,0,17.04,110,9.80786,89,147,0,0,
28.2192,0,16.92,117,9.81268,90,147,0,0,
28.2359,0,17.4,121,9.81745,89,148,0,0,
28.2526,0,16.92,117,9.82227,90,148,0,0,
28.2693,0,17.28,117,9.82704,89,147,0,0,
28.286,0,17.76,116,9.83184,90,147,0,0,
28.3026,0,17.28,123,9.83667,89,147,0,0,
28.3192,0,17.88,117,9.8415,91,146,0,0,
28.336,0,17.28,122,9.84641,89,146,0,0,
28.3526,0,17.4,113,9.85125,89,146,0,0,
28.3692,0,17.16,122,9.85606,89,146,0,0,
28.3859,0,17.28,122,9.86085,88,146,0,0,
28.4025,0,17.16,118,9.86565,89,146,0,0,
28.4192,0,17.76,118,9.87052,89,146,0,0,
28.4359,0,17.4918,118,9.87537,88,146,0,0,
28.4525,0,17.28,112,9.88018,88,145,0,0,
28.4692,0,17.52,123,9.88494,88,145,0,0,
28.4858,0,17.28,116,9.88977,89,145,0,0,
28.5024,0,17.5752,122,9.89459,89,145,0,0,
28.5192,0,17.52,106,9.8994,88,145,0,0,
28.5358,0,17.76,106,9.90423,91,144,0,0,
28.5524,0,17.16,116,9.90907,88,145,0,0,
28.5691,0,17.4,116,9.91392,91,145,0,0,
28.5859,0,17.76,123,9.9188,90,144,0,0,
28.6024,0,17.4,126,9.9237,91,144,0,0,
28.6191,0,17.28,120,9.92862,89,144,0,0,
28.6357,0,17.4,125,9.93348,91,144,0,0,
28.6525,0,17.28,125,9.93836,88,144,0,0,
28.669,0,17.04,118,9.94318,89,144,0,0,
28.6857,0,17.28,118,9.94795,89,144,0,0,
28.7024,0,17.4,117,9.95273,88,144,0,0,
28.719,0,17.52,115,9.95751,90,144,0,0,
28.7357,0,17.6594,128,9.9624,90,144,0,0,
28.7524,0,17.52,108,9.96716,88,144,0,0,
28.769,0,17.307,124,9.97198,89,143,0,0,
28.7857,0,17.166,111,9.97675,88,143,0,0,
28.8024,0,17.5126,125,9.98167,91,143,0,0,
28.819,0,17.8302,121,9.98654,89,143,0,0,
28.8357,0,17.4711,125,9.99145,91,143,0,0,
28.8524,0,17.4,118,9.99635,90,144,0,0,
28.8689,0,17.16,121,10.0012,89,144,0,0,
28.8856,0,17.28,119,10.006,91,144,0,0,
28.9022,0,16.44,118,10.0108,86,144,0,0,
28.9189,0,17.04,105,10.0154,84,144,0,0,
28.9357,0,17.28,120,10.02,88,144,0,0,
28.9522,0,17.0667,105,10.0248,87,144,0,0,
28.9689,0,18.24,123,10.0296,91,145,0,0,
28.9855,0,16.8,123,10.0344,87,146,0,0,
29.0023,0,17.3274,117,10.0392,87,146,0,0,
29.0189,0,17.52,117,10.0441,90,146,0,0,
29.0355,0,17.8302,124,10.0489,88,146,0,0,
29.0522,0,17.2665,117,10.0538,88,147,0,0,
29.0689,0,17.2463,122,10.0586,89,147,0,0,
29.0855,0,17.28,113,10.0634,87,147,0,0,
29.1021,0,17.4,113,10.0681,89,147,0,0,
29.1188,0,17.76,124,10.073,91,147,0,0,
29.1355,0,17.88,124,10.0779,90,148,0,0,
29.1521,0,17.6594,123,10.0828,91,148,0,0,
29.1689,0,17.52,120,10.0876,88,148,0,0,
29.1855,0,17.04,111,10.0924,87,149,0,0,
29.2021,0,17.4,117,10.0971,88,149,0,0,
29.2188,0,16.44,117,10.1019,88,149,0,0,
29.2354,0,17.307,117,10.1066,88,149,0,0,
29.2521,0,16.92,117,10.1114,89,149,0,0,
29.2688,0,17.52,122,10.1163,91,149,0,0,
29.2854,0,17.88,136,10.1213,92,149,0,0,
29.3022,0,17.8518,131,10.1263,92,149,0,0,
29.3187,0,17.76,118,10.1312,90,148,0,0,
29.3354,0,17.52,118,10.136,90,148,0,0,
29.352,0,17.4711,116,10.1409,89,148,0,0,
29.3687,0,17.76,116,10.1458,90,148,0,0,
29.3854,0,17.5334,123,10.1507,90,148,0,0,
29.4021,0,22.2,151,10.1556,95,148,0,0,
29.4186,0,27.6,247,10.1621,94,148,0,0,
29.4354,0,26.28,303,10.1695,92,148,0,0,
29.4521,0,25.68,274,10.1769,91,149,0,0,
29.4686,0,24.36,271,10.1839,88,149,0,0,
29.4853,0,25.2062,255,10.191,91,149,0,0,
29.5019,0,28.2,307,10.1982,106,149,0,0,
29.5186,0,27.24,307,10.206,105,149,0,0,
29.5354,0,27.6,303,10.2136,105,149,0,0,
29.5519,0,27.36,303,10.2213,105,150,0,0,
29.5686,0,27.5619,313,10.2289,104,150,0,0,
29.5852,0,26.76,313,10.2364,102,150,0,0,
29.602,0,26.28,291,10.2439,102,151,0,0,
29.6185,0,26.0063,286,10.2512,100,152,0,0,
29.6353,0,26.28,286,10.2584,101,153,0,0,
29.6519,0,26.1447,262,10.2656,99,154,0,0,
29.6686,0,25.56,262,10.2728,98,155,0,0,
29.6853,0,26.52,279,10.2802,102,155,0,0,
29.7019,0,26.52,279,10.2876,102,157,0,0,
29.7185,0,26.6889,287,10.2949,100,158,0,0,
29.7352,0,25.8695,244,10.302,97,160,0,0,
29.7518,0,24.48,244,10.3089,93,160,0,0,
29.7686,0,22.5468,175,10.3157,93,161,0,0,
29.7852,0,21.84,175,10.3218,74,163,0,0,
29.8018,0,24.96,208,10.3282,79,164,0,0,
29.8186,0,24.36,208,10.335,77,165,0,0,
29.8351,0,24.7202,253,10.3419,78,166,0,0,
29.8518,0,24.84,241,10.3489,79,166,0,0,
29.8684,0,25.08,241,10.3559,79,167,0,0,
29.8851,0,25.2062,243,10.3627,78,167,0,0,
29.9018,0,26.04,243,10.3698,81,167,0,0,
29.9184,0,25.4454,263,10.377,81,167,0,0,
29.9351,0,23.88,263,10.3841,81,167,0,0,
29.9518,0,24.6,241,10.391,78,167,0,0,
29.9685,0,24.8661,264,10.3978,79,167,0,0,
29.9851,0,25.68,268,10.4048,80,167,0,0,
30.0018,0,24.48,222,10.4117,81,167,0,0,
30.0184,0,24.84,262,10.4186,79,167,0,0,
30.0351,0,24.48,214,10.4254,77,167,0,0,
30.0518,0,24.72,214,10.4323,78,167,0,0,
30.0684,0,24.84,255,10.4392,80,168,0,0,
30.085,0,24.96,255,10.4461,79,168,0,0,
30.1016,0,26.16,227,10.4532,81,168,0,0,
30.1184,0,25.56,277,10.4603,80,168,0,0,
30.135,0,24.72,246,10.4674,79,168,0,0,
30.1516,0,24.5351,248,10.4742,77,169,0,0,
30.1684,0,25.32,256,10.4811,79,169,0,0,
30.185,0,26.2377,258,10.4882,83,169,0,0,
30.2016,0,24.72,258,10.495,76,170,0,0,
30.2183,0,25.0776,256,10.5019,78,171,0,0,
30.2349,0,24.48,256,10.5088,78,171,0,0,
30.2516,0,23.4,228,10.5157,77,172,0,0,
30.2683,0,23.8989,213,10.5223,75,172,0,0,
30.2849,0,23.6687,233,10.5289,74,173,0,0,
30.3016,0,23.76,217,10.5355,75,173,0,0,
30.3183,0,24,217,10.5422,76,173,0,0,
30.3349,0,25.32,220,10.5491,78,173,0,0,
30.3515,0,26.52,270,10.5562,80,173,0,0,
30.3684,0,25.32,270,10.5633,79,174,0,0,
30.3848,0,24.6,243,10.5702,79,174,0,0,
30.4015,0,24,243,10.5769,78,174,0,0,
30.4183,0,23.88,253,10.5837,78,174,0,0,
30.435,0,24.36,253,10.5906,78,174,0,0,
30.4515,0,24.576,229,10.5974,78,173,0,0,
30.4681,0,25.08,229,10.6043,78,174,0,0,
30.4849,0,25.035,229,10.6112,79,174,0,0,
30.5015,0,24.6,229,10.6182,78,173,0,0,
30.5182,0,24.9714,251,10.6251,79,173,0,0,
30.5349,0,25.68,251,10.6321,79,173,0,0,
30.5514,0,25.2277,239,10.6391,78,173,0,0,
30.5681,0,24.7409,253,10.6459,78,173,0,0,
30.5848,0,25.1631,232,10.6528,79,173,0,0,
30.6014,0,24.8242,239,10.6596,77,174,0,0,
30.6181,0,24.8661,257,10.6665,79,174,0,0,
30.6348,0,25.2926,233,10.6737,79,173,0,0,
30.6514,0,25.68,233,10.6809,82,173,0,0,
30.668,0,26.4258,281,10.6882,83,173,0,0,
30.6848,0,26.28,281,10.6953,76,173,0,0,
30.7015,0,25.6892,255,10.7024,73,174,0,0,
30.718,0,25.32,255,10.7095,72,173,0,0,
30.7348,0,26.1215,258,10.7166,74,174,0,0,
30.7513,0,26.52,256,10.7238,73,174,0,0,
30.768,0,26.52,256,10.731,73,174,0,0,
30.7846,0,24.48,271,10.7381,73,174,0,0,
30.8014,0,24.36,220,10.7448,73,174,0,0,
30.818,0,23.6687,222,10.7515,76,174,0,0,
30.8347,0,25.56,222,10.7587,81,174,0,0,
30.8514,0,25.6668,252,10.7658,79,175,0,0,
30.8679,0,24.8242,236,10.7729,78,175,0,0,
30.8846,0,25.92,236,10.7798,80,174,0,0,
30.9013,0,26.2845,261,10.7869,81,175,0,0,
30.9179,0,24.96,261,10.7941,80,175,0,0,
30.9346,0,24.9081,257,10.8011,77,175,0,0,
30.9513,0,24.96,257,10.808,77,175,0,0,
30.9679,0,24.5965,223,10.8148,77,175,0,0,
30.9846,0,24.5351,236,10.8216,77,175,0,0,
31.0012,0,24.5351,236,10.8284,77,175,0,0,
31.018,0,26.6166,285,10.8356,84,175,0,0,
31.0346,0,25.44,285,10.8428,83,175,0,0,
31.0512,0,25.6445,237,10.85,81,175,0,0,
31.0678,0,26.04,237,10.8571,82,176,0,0,
31.0845,0,26.28,272,10.8645,84,176,0,0,
31.1012,0,27,292,10.8718,83,176,0,0,
31.1178,0,27.6,292,10.8793,86,176,0,0,
31.1345,0,26.4258,234,10.8866,84,176,0,0,
31.1511,0,27,234,10.894,83,177,0,0,
31.1678,0,26.908,281,10.9014,84,177,0,0,
31.1844,0,26.6166,283,10.9089,84,177,0,0,
31.2011,0,26.4732,284,10.9163,85,178,0,0,
31.2178,0,26.8102,263,10.9237,84,178,0,0,
31.2345,0,25.8242,236,10.9309,81,178,0,0,
31.2512,0,26.8102,285,10.9384,85,179,0,0,
31.2677,0,26.713,281,10.9457,84,179,0,0,
31.2844,0,26.5209,277,10.9531,83,179,0,0,
31.3011,0,27.36,277,10.9603,83,180,0,0,
31.3177,0,27.0561,274,10.9678,85,180,0,0,
31.3344,0,24.72,274,10.9751,80,180,0,0,
31.351,0,24.96,234,10.9821,79,181,0,0,
31.3677,0,24.8661,273,10.989,79,181,0,0,
31.3843,0,25.8,273,10.9962,81,181,0,0,
31.401,0,25.56,252,11.0033,80,181,0,0,
31.4177,0,26.16,252,11.0105,84,181,0,0,
31.4344,0,26.16,261,11.0177,84,181,0,0,
31.451,0,25.32,265,11.0249,82,182,0,0,
31.4676,0,25.32,265,11.0319,80,182,0,0,
31.4844,0,25.32,241,11.0391,81,182,0,0,
31.501,0,26.28,241,11.0463,82,182,0,0,
31.5177,0,29.16,259,11.0537,80,182,0,0,
31.5343,0,31.44,259,11.062,86,182,0,0,
31.5511,0,29.64,346,11.0705,83,182,0,0,
31.5676,0,28.44,351,11.0786,83,182,0,0,
31.5843,0,27.84,322,11.0865,80,182,0,0,
31.6009,0,28.08,285,11.0942,88,182,0,0,
31.6176,0,30.24,285,11.1025,88,182,0,0,
31.6343,0,30.6,342,11.1109,96,182,0,0,
31.6509,0,28.8,342,11.1192,94,182,0,0,
31.6675,0,27,340,11.1271,89,182,0,0,
31.6842,0,27.48,261,11.1347,85,182,0,0,
31.7008,0,27,293,11.1423,87,182,0,0,
31.7177,0,26.4,262,11.1498,83,182,0,0,
31.7342,0,27.24,262,11.1572,84,182,0,0,
31.7509,0,26.28,267,11.1645,82,182,0,0,
31.7676,0,25.92,267,11.1717,81,182,0,0,
31.7841,0,25.32,264,11.179,84,182,0,0,
31.8009,0,26.2845,232,11.1863,84,182,0,0,
31.8175,0,19.44,229,11.1929,116,182,0,0,
31.8342,0,15.24,102,11.1981,108,182,0,0,
31.8508,0,24.96,91,11.2029,70,181,0,0,
31.8675,0,25.68,243,11.2097,80,181,0,0,
31.8841,0,25.08,228,11.2167,80,181,0,0,
31.9008,0,25.2,243,11.2237,79,181,0,0,
31.9175,0,25.56,261,11.2308,81,181,0,0,
31.9342,0,25.68,240,11.2379,81,180,0,0,
31.9507,0,25.68,240,11.2449,80,180,0,0,
31.9674,0,23.88,248,11.2517,82,180,0,0,
31.9841,0,23.9766,207,11.2584,82,179,0,0,
32.0008,0,25.68,226,11.2654,88,179,0,0,
32.0174,0,25.56,255,11.2725,88,179,0,0,
32.034,0,25.1203,224,11.2794,86,179,0,0,
32.0507,0,25.44,243,11.2864,88,179,0,0,
32.0674,0,24.96,243,11.2934,87,179,0,0,
32.084,0,24.84,240,11.3004,86,178,0,0,
32.1007,0,27.24,242,11.3075,94,179,0,0,
32.1173,0,26.76,276,11.315,94,179,0,0,
32.134,0,25.68,284,11.3224,92,179,0,0,
32.1506,0,25.92,252,11.3296,91,179,0,0,
32.1673,0,25.8,257,11.3369,91,179,0,0,
32.1839,0,26.16,257,11.3442,91,179,0,0,
32.2006,0,26.28,269,11.3515,92,179,0,0,
32.2173,0,26.4,269,11.3588,91,179,0,0,
32.234,0,25.56,261,11.366,91,179,0,0,
32.2507,0,25.8,246,11.3733,88,179,0,0,
32.2672,0,26.04,254,11.3804,91,179,0,0,
32.2839,0,25.92,253,11.3876,90,179,0,0,
32.3006,0,27,253,11.3949,92,180,0,0,
32.3172,0,25.92,259,11.4023,93,180,0,0,
32.3339,0,26.28,259,11.4096,92,179,0,0,
32.3507,0,26.04,262,11.4169,91,179,0,0,
32.3672,0,26.52,268,11.4241,91,180,0,0,
32.3838,0,26.52,272,11.4315,91,179,0,0,
32.4005,0,24.84,272,11.4386,91,179,0,0,
32.4172,0,26.04,248,11.4457,89,179,0,0,
32.4338,0,26.28,246,11.4528,90,180,0,0,
32.4505,0,26.52,275,11.4602,94,179,0,0,
32.4672,0,26.76,283,11.4677,92,180,0,0,
32.4838,0,26.52,270,11.4751,93,180,0,0,
32.5005,0,26.28,261,11.4825,92,180,0,0,
32.5171,0,25.2,261,11.4897,88,180,0,0,
32.5338,0,26.64,237,11.4967,81,179,0,0,
32.5505,0,28.08,291,11.5042,86,180,0,0,
32.5671,0,27.8219,301,11.5119,89,180,0,0,
32.5838,0,26.88,257,11.5194,84,179,0,0,
32.6004,0,27.24,257,11.5268,83,179,0,0,
32.617,0,26.52,262,11.5343,85,179,0,0,
32.6337,0,24,262,11.5414,83,179,0,0,
32.6505,0,26.88,263,11.5486,73,180,0,0,
32.6671,0,28.08,263,11.5562,78,179,0,0,
32.6837,0,27.12,297,11.5639,77,180,0,0,
32.7005,0,26.88,278,11.5715,77,180,0,0,
32.7171,0,25.68,269,11.5789,75,179,0,0,
32.7337,0,26.28,246,11.586,79,179,0,0,
32.7503,0,25.8695,259,11.5934,83,179,0,0,
32.767,0,27.1558,264,11.6008,86,179,0,0,
32.7837,0,25.8,264,11.6081,75,179,0,0,
32.8004,0,25.8,242,11.6154,75,179,0,0,
32.817,0,27.36,282,11.6228,74,179,0,0,
32.8337,0,27.48,250,11.6302,77,179,0,0,
32.8503,0,27,291,11.6377,75,179,0,0,
32.867,0,26.16,253,11.6452,76,179,0,0,
32.8836,0,26.76,290,11.6526,76,180,0,0,
32.9003,0,26.88,290,11.66,76,179,0,0,
32.9169,0,27.84,268,11.6675,76,180,0,0,
32.9336,0,26.16,278,11.6751,76,180,0,0,
32.9502,0,27.2059,270,11.6826,76,181,0,0,
32.9669,0,26.52,281,11.6901,75,181,0,0,
32.9836,0,26.88,247,11.6974,75,181,0,0,
33.0003,0,27.48,296,11.7049,76,182,0,0,
33.0169,0,25.44,260,11.7125,77,182,0,0,
33.0336,0,25.8,265,11.7197,73,182,0,0,
33.0503,0,27,243,11.7271,75,182,0,0,
33.0669,0,26.88,315,11.7348,77,183,0,0,
33.0835,0,26.04,315,11.7422,75,183,0,0,
33.1003,0,26.04,254,11.7495,75,183,0,0,
33.1168,0,26.04,254,11.7567,74,184,0,0,
33.1335,0,28.2,263,11.7641,78,183,0,0,
33.1502,0,27.96,285,11.7718,76,183,0,0,
33.1668,0,27.3573,269,11.7795,78,184,0,0,
33.1835,0,26.52,303,11.7871,75,184,0,0,
33.2002,0,28.92,303,11.7948,79,184,0,0,
33.2168,0,31.44,282,11.803,78,184,0,0,
33.2334,0,34.08,282,11.8123,82,184,0,0,
33.2501,0,32.0208,409,11.8214,79,185,0,0,
33.273,0,32.04,404,11.8304,81,184,0,0,
33.2834,0,32.6953,437,11.8376,82,185,0,0,
33.3,0,33.36,435,11.8467,82,185,0,0,
33.3167,0,33.24,435,11.856,83,185,0,0,
33.3334,0,33.48,401,11.8652,83,185,0,0,
33.35,0,33.96,401,11.8747,84,185,0,0,
33.3667,0,33.12,462,11.884,86,185,0,0,
33.3834,0,33.96,462,11.8935,84,185,0,0,
33.4001,0,33.48,429,11.9029,85,186,0,0,
33.4166,0,35.88,411,11.9124,84,186,0,0,
33.4333,0,31.56,411,11.9218,82,186,0,0,
33.45,0,25.56,410,11.9308,70,186,0,0,
33.4666,0,20.4,410,11.9373,70,186,0,0,
33.4834,0,17.04,410,11.9425,63,186,0,0,
33.4999,0,17.7658,95,11.9476,63,185,0,0,
33.5166,0,16.9295,103,11.9525,63,185,0,0,
33.5333,0,16.92,95,11.9572,86,186,0,0,
33.55,0,16.56,95,11.9618,84,185,0,0,
33.5666,0,16.56,103,11.9664,85,185,0,0,
33.5834,0,19.32,106,11.9714,96,185,0,0,
33.6,0,17.88,126,11.9766,91,185,0,0,
33.6166,0,17.4,109,11.9816,91,185,0,0,
33.6332,0,18.24,116,11.9865,91,184,0,0,
33.6499,0,17.64,117,11.9915,91,184,0,0,
33.6665,0,18.24,122,11.9964,93,183,0,0,
33.6832,0,17.52,122,12.0014,91,183,0,0,
33.6998,0,17.16,111,12.0063,88,183,0,0,
33.7165,0,17.4,104,12.011,88,182,0,0,
33.7332,0,17.28,104,12.0159,89,182,0,0,
33.7498,0,17.3682,107,12.0206,88,182,0,0,
33.7665,0,17.04,107,12.0254,88,182,0,0,
33.7833,0,17.52,107,12.0302,89,181,0,0,
33.7998,0,17.64,114,12.035,91,181,0,0,
33.8165,0,17.76,115,12.0399,90,181,0,0,
33.8332,0,17.28,109,12.0448,91,181,0,0,
33.8498,0,17.4504,111,12.0496,89,181,0,0,
33.8665,0,17.4504,102,12.0545,89,181,0,0,
33.8831,0,17.04,102,12.0593,89,180,0,0,
33.8997,0,17.76,112,12.0641,91,180,0,0,
33.9165,0,17.52,114,12.069,91,180,0,0,
33.9331,0,17.28,106,12.0738,88,180,0,0,
33.9497,0,17.64,111,12.0786,89,179,0,0,
33.9664,0,17.76,111,12.0835,90,179,0,0,
33.983,0,17.6806,118,12.0884,91,179,0,0,
33.9997,0,17.52,118,12.0933,91,178,0,0,
34.0164,0,17.76,112,12.0981,89,178,0,0,
34.0331,0,17.4,112,12.103,90,178,0,0,
34.0498,0,17.6488,115,12.108,91,178,0,0,
34.0664,0,17.4,108,12.1129,89,178,0,0,
34.083,0,17.1063,114,12.1177,89,177,0,0,
34.0997,0,17.16,114,12.1225,88,177,0,0,
34.1163,0,16.8,114,12.1273,89,177,0,0,
34.133,0,17.3887,108,12.132,86,176,0,0,
34.1496,0,17.64,108,12.1367,90,176,0,0,
34.1664,0,17.88,115,12.1417,92,176,0,0,
34.1829,0,17.9387,118,12.1466,92,175,0,0,
34.1996,0,17.16,109,12.1515,88,175,0,0,
34.2163,0,17.0667,115,12.1562,89,175,0,0,
34.2329,0,17.4,102,12.161,87,175,0,0,
34.2496,0,17.4,116,12.1658,88,175,0,0,
34.2662,0,17.64,104,12.1706,89,175,0,0,
34.283,0,17.16,117,12.1754,88,174,0,0,
34.2996,0,17.16,117,12.1802,89,174,0,0,
34.3162,0,17.2665,111,12.185,89,174,0,0,
34.3329,0,17.28,111,12.1899,89,174,0,0,
34.3496,0,17.4711,112,12.1947,88,174,0,0,
34.3662,0,17.64,112,12.1995,90,173,0,0,
34.3828,0,17.16,115,12.2044,89,173,0,0,
34.3995,0,17.4298,107,12.2092,88,173,0,0,
34.4162,0,17.4298,118,12.214,89,173,0,0,
34.4328,0,17.04,109,12.2188,88,172,0,0,
34.4495,0,16.92,109,12.2235,88,172,0,0,
34.4661,0,17.16,112,12.2283,89,172,0,0,
34.4828,0,18.0485,127,12.2332,92,171,0,0,
34.4995,0,18.0044,109,12.2382,93,170,0,0,
34.5161,0,17.28,121,12.2431,90,170,0,0,
34.5328,0,17.28,121,12.2479,90,170,0,0,
34.5494,0,16.9295,114,12.2527,87,169,0,0,
34.5661,0,17.28,114,12.2574,87,169,0,0,
34.5828,0,16.68,109,12.2622,88,169,0,0,
34.5995,0,17.4,109,12.2669,87,168,0,0,
34.6161,0,17.52,112,12.2717,89,168,0,0,
34.6327,0,17.7658,115,12.2766,91,167,0,0,
34.6494,0,17.5752,117,12.2814,89,167,0,0,
34.666,0,17.28,117,12.2863,89,167,0,0,
34.6828,0,17.64,112,12.291,88,167,0,0,
34.6994,0,17.3887,112,12.2959,90,167,0,0,
34.7161,0,17.4,112,12.3007,89,166,0,0,
34.7327,0,17.4607,113,12.3055,89,166,0,0,
34.7493,0,17.1261,116,12.3104,88,166,0,0,
34.766,0,17.2262,106,12.3151,88,166,0,0,
34.7826,0,17.4092,121,12.32,90,165,0,0,
34.7994,0,17.28,108,12.3248,89,165,0,0,
34.816,0,17.166,116,12.3296,89,164,0,0,
34.8327,0,17.7231,115,12.3344,90,164,0,0,
34.8493,0,17.2061,111,12.3392,87,163,0,0,
34.866,0,17.76,111,12.344,89,163,0,0,
34.8826,0,17.0076,105,12.3488,86,162,0,0,
34.8992,0,16.92,105,12.3535,86,162,0,0,
34.916,0,16.8521,104,12.3582,86,162,0,0,
34.9326,0,17.16,104,12.363,88,162,0,0,
34.9493,0,17.52,104,12.3678,90,161,0,0,
34.966,0,17.3274,117,12.3726,90,161,0,0,
34.9825,0,17.28,117,12.3775,88,160,0,0,
34.9993,0,17.186,108,12.3823,88,159,0,0,
35.0159,0,17.16,108,12.387,88,159,0,0,
35.0325,0,17.2262,113,12.3917,90,159,0,0,
35.0493,0,17.76,113,12.3966,91,159,0,0,
35.0659,0,17.5438,114,12.4014,88,159,0,0,
35.0825,0,16.8714,103,12.4061,87,159,0,0,
35.0992,0,16.68,103,12.4108,87,158,0,0,
35.1159,0,17.0076,105,12.4155,87,158,0,0,
35.1325,0,16.92,105,12.4202,87,157,0,0,
35.1492,0,17.0076,111,12.4249,86,157,0,0,
35.1658,0,16.8,111,12.4296,86,156,0,0,
35.1825,0,16.56,111,12.4343,86,156,0,0,
35.1991,0,16.56,110,12.439,86,156,0,0,
35.2158,0,17.16,110,12.4436,88,156,0,0,
35.2324,0,17.2061,113,12.4484,88,156,0,0,
35.2491,0,17.4,113,12.4531,87,155,0,0,
35.2657,0,17.0864,104,12.4579,88,155,0,0,
35.2825,0,17.04,104,12.4626,88,155,0,0,
35.2991,0,16.8,112,12.4674,89,155,0,0,
35.3157,0,17.186,113,12.4722,87,155,0,0,
35.3324,0,17.16,113,12.4769,88,155,0,0,
35.3491,0,17.0765,113,12.4817,88,155,0,0,
35.3658,0,16.8,113,12.4864,88,154,0,0,
35.3824,0,17.0076,115,12.4911,88,154,0,0,
35.3991,0,17.2262,113,12.4958,88,153,0,0,
35.4158,0,17.186,121,12.5005,89,153,0,0,
35.4323,0,17.7658,111,12.5054,90,153,0,0,
35.449,0,17.2262,122,12.5102,88,152,0,0,
35.4656,0,17.04,122,12.5149,87,152,0,0,
35.4823,0,17.196,115,12.5197,89,152,0,0,
35.499,0,17.4,115,12.5245,89,152,0,0,
35.5156,0,17.28,115,12.5294,89,152,0,0,
35.5323,0,17.2262,108,12.5342,89,152,0,0,
35.549,0,16.68,108,12.539,87,152,0,0,
35.5656,0,17.0469,105,12.5437,86,152,0,0,
35.5823,0,16.92,105,12.5484,87,152,0,0,
35.599,0,17.28,110,12.553,86,152,0,0,
35.6156,0,17.52,123,12.5578,91,151,0,0,
35.6323,0,17.7658,120,12.5627,90,151,0,0,
35.6489,0,17.04,117,12.5676,89,151,0,0,
35.6655,0,17.52,117,12.5723,88,150,0,0,
35.6822,0,17.186,116,12.5771,88,150,0,0,
35.6989,0,16.92,116,12.5819,88,150,0,0,
35.7155,0,16.92,116,12.5866,88,149,0,0,
35.7322,0,17.52,114,12.5914,90,149,0,0,
35.7488,0,17.16,114,12.5962,90,149,0,0,
35.7655,0,17.52,120,12.601,90,149,0,0,
35.7822,0,17.88,113,12.6059,90,149,0,0,
35.7989,0,17.64,126,12.6108,90,149,0,0,
35.8155,0,17.52,118,12.6157,90,149,0,0,
35.8322,0,17.52,118,12.6206,90,149,0,0,
35.8488,0,17.28,118,12.6254,89,149,0,0,
35.8654,0,17.4,118,12.6302,88,150,0,0,
35.8822,0,17.04,116,12.635,88,150,0,0,
35.8987,0,17.4,116,12.6397,89,149,0,0,
35.9154,0,16.68,114,12.6445,88,149,0,0,
35.9322,0,17.28,108,12.6492,89,149,0,0,
35.9488,0,17.76,108,12.6541,89,149,0,0,
35.9654,0,17.4,108,12.659,90,149,0,0,
35.9821,0,17.04,119,12.6638,88,149,0,0,
35.9988,0,17.4,115,12.6686,90,149,0,0,
36.0154,0,18.12,121,12.6737,95,149,0,0,
36.0322,0,17.52,133,12.6786,90,149,0,0,
36.0487,0,17.52,116,12.6835,90,149,0,0,
36.0653,0,18,124,12.6883,91,149,0,0,
36.082,0,16.8,116,12.6931,87,148,0,0,
36.0986,0,17.88,117,12.6979,89,147,0,0,
36.1153,0,17.04,115,12.7027,89,147,0,0,
36.132,0,17.52,119,12.7075,88,147,0,0,
36.1486,0,16.92,119,12.7124,89,147,0,0,
36.1653,0,17.4,119,12.7172,90,147,0,0,
36.182,0,17.4,118,12.7221,90,147,0,0,
36.1986,0,17.4,125,12.727,89,147,0,0,
36.2153,0,17.4,110,12.7317,89,147,0,0,
36.2319,0,16.92,125,12.7365,88,147,0,0,
36.2486,0,17.16,111,12.7413,87,146,0,0,
36.2652,0,16.32,115,12.746,86,146,0,0,
36.2819,0,17.16,115,12.7506,86,147,0,0,
36.2985,0,16.8,109,12.7553,88,147,0,0,
36.3152,0,16.92,109,12.76,87,147,0,0,
36.3319,0,17.16,111,12.7647,87,147,0,0,
36.3486,0,17.0864,112,12.7694,87,147,0,0,
36.3652,0,16.68,107,12.7741,86,147,0,0,
36.3819,0,17.52,115,12.7788,89,147,0,0,
36.3986,0,16.92,115,12.7836,89,147,0,0,
36.4152,0,17.16,118,12.7884,88,146,0,0,
36.4319,0,17.16,118,12.7931,87,146,0,0,
36.4485,0,17.04,114,12.7978,86,146,0,0,
36.4652,0,16.8,111,12.8025,86,145,0,0,
36.4819,0,17.04,116,12.8071,86,145,0,0,
36.4985,0,17.28,108,12.8119,88,145,0,0,
36.5151,0,17.04,115,12.8167,87,145,0,0,
36.5318,0,16.68,112,12.8214,86,145,0,0,
36.5484,0,16.92,112,12.8261,87,145,0,0,
36.5651,0,16.08,109,12.8307,85,145,0,0,
36.5817,0,16.68,102,12.8353,86,145,0,0,
36.5984,0,16.44,119,12.8399,84,145,0,0,
36.6151,0,16.44,106,12.8446,85,145,0,0,
36.6317,0,17.04,116,12.8491,85,145,0,0,
36.6485,0,16.44,109,12.8537,84,145,0,0,
36.665,0,15.72,100,12.8582,83,144,0,0,
36.6817,0,15.6,97,12.8627,80,144,0,0,
36.6983,0,15.84,104,12.867,81,144,0,0,
36.715,0,15.9584,70,12.8713,81,144,0,0,
